-- MySQL dump 10.13  Distrib 8.0.36, for Linux (x86_64)
--
-- Host: localhost    Database: cbb_db
-- ------------------------------------------------------
-- Server version	8.0.36-0ubuntu0.22.04.1

/*!40101 SET @OLD_CHARACTER_SET_CLIENT=@@CHARACTER_SET_CLIENT */;
/*!40101 SET @OLD_CHARACTER_SET_RESULTS=@@CHARACTER_SET_RESULTS */;
/*!40101 SET @OLD_COLLATION_CONNECTION=@@COLLATION_CONNECTION */;
/*!50503 SET NAMES utf8mb4 */;
/*!40103 SET @OLD_TIME_ZONE=@@TIME_ZONE */;
/*!40103 SET TIME_ZONE='+00:00' */;
/*!40014 SET @OLD_UNIQUE_CHECKS=@@UNIQUE_CHECKS, UNIQUE_CHECKS=0 */;
/*!40014 SET @OLD_FOREIGN_KEY_CHECKS=@@FOREIGN_KEY_CHECKS, FOREIGN_KEY_CHECKS=0 */;
/*!40101 SET @OLD_SQL_MODE=@@SQL_MODE, SQL_MODE='NO_AUTO_VALUE_ON_ZERO' */;
/*!40111 SET @OLD_SQL_NOTES=@@SQL_NOTES, SQL_NOTES=0 */;

--
-- Table structure for table `blood_banks`
--

DROP TABLE IF EXISTS `blood_banks`;
/*!40101 SET @saved_cs_client     = @@character_set_client */;
/*!50503 SET character_set_client = utf8mb4 */;
CREATE TABLE `blood_banks` (
  `name` varchar(60) NOT NULL,
  `hashed_password` varchar(128) NOT NULL,
  `city_id` varchar(60) NOT NULL,
  `id` varchar(60) NOT NULL,
  `created_at` datetime NOT NULL,
  `updated_at` datetime NOT NULL,
  PRIMARY KEY (`id`),
  KEY `city_id` (`city_id`),
  CONSTRAINT `blood_banks_ibfk_1` FOREIGN KEY (`city_id`) REFERENCES `cities` (`id`)
) ENGINE=InnoDB DEFAULT CHARSET=utf8mb4 COLLATE=utf8mb4_0900_ai_ci;
/*!40101 SET character_set_client = @saved_cs_client */;

--
-- Dumping data for table `blood_banks`
--

LOCK TABLES `blood_banks` WRITE;
/*!40000 ALTER TABLE `blood_banks` DISABLE KEYS */;
INSERT INTO `blood_banks` VALUES ('Sharkia blood bank','$2b$12$rw2iA2zBSNFlgmyvBjEofuxx.HCbnv3lZap8Stby26o69Rh4uhQ7S','d2d835ab-1e8b-4685-a4ed-f76da1871aab','07307078-75e2-4a89-9b19-96189871f10f','2024-08-01 03:46:47','2024-08-01 03:46:47'),('Kafr el-Sheikh blood bank','$2b$12$w0nGtzwB2DwDFGQgGROa4uW9Hk5ESjy5I5J25iJY.UAYVm65HSq6q','b963d584-a044-4d26-8925-32b9ed31d849','0c5eb32b-4d97-4be3-8e8a-a4d02c5af0e3','2024-08-01 03:46:48','2024-08-01 03:46:48'),('Qena blood bank','$2b$12$WTPL3OrQlqrkKE/w/NO/peAU.uREE1TEe8CdohNG3JOOlXwUYFlUa','42a30d1a-7e62-4380-ba7c-1c98663ead5c','1361e08a-72ae-4834-808b-1bac9afee0e3','2024-08-01 03:46:53','2024-08-01 03:46:53'),('Sohag blood bank','$2b$12$BqtpwccwISzXQTACTCLAFu54MwGthL9j8Pt9zCL7eiggUtRivYsKi','47fb8866-8ddb-477f-ab91-ae3405e849fe','149f215f-b4cd-4bf4-9d37-1b996c9e7118','2024-08-01 03:46:52','2024-08-01 03:46:52'),('Minya blood bank','$2b$12$Tm/COeFGBucb/1qMfAnJ3eIm9tOa31qEnQ0T9CqDxfvAYOL3DRHQu','991a0cc4-933d-4040-8f07-ff88550b3ee4','24a2db9d-7918-4123-8078-37f082f02ef0','2024-08-01 03:46:51','2024-08-01 03:46:51'),('North Sinai blood bank','$2b$12$EHA3KAX6Sl86KkEXqufNJOTIuDWZ4/kGnGKJaqLO1zUsQn6mcVET6','e4110b7a-a3b9-45c0-ae78-e9bb6770caf7','31cad12f-6674-4acf-8365-1dd98e3370be','2024-08-01 03:46:55','2024-08-01 03:46:55'),('Alex blood bank','$2b$12$ZFhqym27mmk4THGw4EqCWegMTW.00yDwiV5XO3VN97d1oK/bRx1l2','fafa5568-8a4a-40a6-8872-feef9ec1175e','4794be37-69c2-49ac-aa1d-8a17b3e15ff1','2024-08-01 00:16:13','2024-08-01 00:16:13'),('Luxor blood bank','$2b$12$EkGttn0kxHL9KKrRD4bIL.OE46s.VCgjXa0B9iDvoRwZZ30V882SK','2cfc9d10-f15a-41e3-a26d-833592466b72','4c949a03-36b5-4899-8edd-39b7f588ba23','2024-08-01 03:46:53','2024-08-01 03:46:53'),('Cairo blood bank','$2b$12$gzWAr55dgXEJfYZl.frJ/.A7zHi/PycT.dZNhqNHBieQaVBuxKVde','a3f842e6-4ad5-4dd5-933b-f962118a62b8','4dacbd48-b0d5-4460-a596-5c693c70dfba','2024-08-01 00:16:13','2024-08-01 00:16:13'),('Gharbia blood bank','$2b$12$JEEMV8cR0JKAblvFesPUn.hOVURugTV6/hNNRZfNoC9MRnLSRSsvO','1768afe0-09e8-4035-a634-3c6392f99dfb','71271bec-060f-4abf-9227-2c01d296ddb6','2024-08-01 03:46:49','2024-08-01 03:46:49'),('New Valley blood bank','$2b$12$4vTpmdykMvmL/zUfZx0Mz.AcQ3dAynIc2pgiZlY1kY.mJ2ARU244y','03aeba60-d04b-4d64-b02f-7b87a6f7f0b4','7191a546-4e28-4a07-bfb7-df3f6f089d57','2024-08-01 03:46:55','2024-08-01 03:46:55'),('Red Sea blood bank','$2b$12$fRFl8XgC2.gvNECDNg/1UuBL/gEGQkLGKrIMqA/iKmzZSbzvMqeNa','67fc9694-54ad-4bdc-8c82-829ea5634fe5','74e87479-82e5-4eb1-ac79-34603211b7c6','2024-08-01 03:46:54','2024-08-01 03:46:54'),('Assiut blood bank','$2b$12$xlyAU5XvtsJCX6zPUfYqZ.hRv33pKPsyQZ2m/NEakPbzRykxkrRmW','6dfbb3d4-2a87-4e55-847c-04beefc409c4','8123622f-0bf3-4ca1-8fbd-acf892e1e07a','2024-08-01 03:46:52','2024-08-01 03:46:52'),('Monufia blood bank','$2b$12$YJQMkS2YAQzFTlrvjZmreeyXSYdRdhccjhWzv9NB0mfsITUov8KQe','6b60842b-9caa-4621-aee8-57a02b6ac78b','8dc405fb-ff8d-47c9-959b-c4d2d1c208c6','2024-08-01 03:46:49','2024-08-01 03:46:49'),('Dakahlia blood bank','$2b$12$G9WCnSVD8UM1BI0Lrn2t4einXuie9iMcE9fL/QoXxTkJPG7v/.RK6','63dc3f97-b289-4393-b934-115767f9ac39','987ac3e5-3e34-4cff-b19c-3dad70159bc0','2024-08-01 03:46:47','2024-08-01 03:46:47'),('Beni Suef blood bank','$2b$12$j5GtOMWxtQUvJnne3OFdP.FG9oE4Muvsae0cDENEfCOlXgOGjbCMW','01a65076-542e-4984-b589-7188fd304e54','a564adbe-19da-4653-9e7a-ed156d61a5c7','2024-08-01 03:46:50','2024-08-01 03:46:50'),('Beheira blood bank','$2b$12$.s/JBPAdFA7.kjHQppaLnuAUbI.1gBcKeQ10OSZX8mRAEFkgaIpg2','1ae8781b-905d-41d1-8d11-79919ad82ff2','a64dcbe9-487f-48ae-8b0c-d918ceb4463f','2024-08-01 03:46:48','2024-08-01 03:46:48'),('Giza blood bank','$2b$12$OKuON05CUI.GAPFA1LJeOeTeqPV15H9vXvBGI1kRN/GP4Wh5XaneK','ce1e27fb-1b2a-4e07-8ec6-caccbcf0d782','a87722a1-2767-4d7f-918d-2541b52b9232','2024-08-01 03:46:46','2024-08-01 03:46:46'),('Aswan blood bank','$2b$12$tSSvbwXZ0gk5SHfoDTJbqeP4G3W05o088GZkbcrYjDPNFLE8Mczeq','5fb64ea4-b202-4b7d-a689-52857267dde7','aa0493d1-a30d-441a-b247-853badaaa1db','2024-08-01 03:46:54','2024-08-01 03:46:54'),('Fayoum blood bank','$2b$12$F8JJ/1BJD2Yo89dt4XzYLuG6/PM3za3li5WvYAqB5lYLZ74kU657q','bc2e32c0-67bb-495c-afb7-983221c9de1f','ca0cd2e2-ce9a-4668-a9b7-e996695f061f','2024-08-01 03:46:51','2024-08-01 03:46:51'),('Qalyubia blood bank','$2b$12$NTh3jENSE0z6NpE139u61OQJcfZxrL33APeObY1R1QnNm1XKSe4Ty','edc8e4bd-e9a6-473a-97bb-0280d476e026','cee7375d-5e81-4188-98f9-fe4873a4045c','2024-08-01 03:46:48','2024-08-01 03:46:48'),('South Sinai blood bank','$2b$12$l07GrKQhQm5ym1UYnif2Cey9m8k73bOjKqtFIuHdBgGI/u3LRcDQC','3f21c105-aac7-44ce-ac0d-27395f7f6025','f933265d-9e8d-4d22-a5ff-8d9f9685107a','2024-08-01 03:46:56','2024-08-01 03:46:56');
/*!40000 ALTER TABLE `blood_banks` ENABLE KEYS */;
UNLOCK TABLES;

--
-- Table structure for table `blood_donations`
--

DROP TABLE IF EXISTS `blood_donations`;
/*!40101 SET @saved_cs_client     = @@character_set_client */;
/*!50503 SET character_set_client = utf8mb4 */;
CREATE TABLE `blood_donations` (
  `donor_id` varchar(60) NOT NULL,
  `blood_group_id` varchar(60) NOT NULL,
  `blood_bank_id` varchar(60) NOT NULL,
  `virus_test_result` tinyint(1) NOT NULL,
  `donation_date` datetime NOT NULL,
  `result` varchar(60) NOT NULL,
  `reason_for_rejection` varchar(60) DEFAULT NULL,
  `id` varchar(60) NOT NULL,
  `created_at` datetime NOT NULL,
  `updated_at` datetime NOT NULL,
  PRIMARY KEY (`id`),
  KEY `donor_id` (`donor_id`),
  KEY `blood_group_id` (`blood_group_id`),
  KEY `blood_bank_id` (`blood_bank_id`),
  CONSTRAINT `blood_donations_ibfk_1` FOREIGN KEY (`donor_id`) REFERENCES `donors` (`id`),
  CONSTRAINT `blood_donations_ibfk_2` FOREIGN KEY (`blood_group_id`) REFERENCES `blood_groups` (`id`),
  CONSTRAINT `blood_donations_ibfk_3` FOREIGN KEY (`blood_bank_id`) REFERENCES `blood_banks` (`id`)
) ENGINE=InnoDB DEFAULT CHARSET=utf8mb4 COLLATE=utf8mb4_0900_ai_ci;
/*!40101 SET character_set_client = @saved_cs_client */;

--
-- Dumping data for table `blood_donations`
--

LOCK TABLES `blood_donations` WRITE;
/*!40000 ALTER TABLE `blood_donations` DISABLE KEYS */;
INSERT INTO `blood_donations` VALUES ('3d301414-454e-4f35-a698-aed2dd7a0ada','3f2ee63b-3175-4300-a928-ed0a025656f7','4794be37-69c2-49ac-aa1d-8a17b3e15ff1',0,'2024-12-08 00:00:00','accepted','','009ff2a6-74a1-4f15-9e08-afd1e4ad762c','2024-08-01 00:32:02','2024-08-01 00:32:02'),('2abe3302-b51b-4ff8-99c0-d9ef25b0186c','1c963cef-490f-4aa6-914c-7b6a3ed65afd','4794be37-69c2-49ac-aa1d-8a17b3e15ff1',0,'2025-01-15 00:00:00','accepted','','01bdb993-ed99-4f06-8ea5-6256881c8b02','2024-08-01 00:43:50','2024-08-01 00:43:50'),('2a27dca1-99a1-4739-9bfd-3b7201af6a3b','d6d6703a-e2fc-485f-aa28-bca021f3f769','4dacbd48-b0d5-4460-a596-5c693c70dfba',0,'2024-01-01 00:00:00','accepted','','04b4d3d9-20be-4e99-8153-bf365348c358','2024-08-01 00:46:58','2024-08-01 00:46:58'),('3d301414-454e-4f35-a698-aed2dd7a0ada','3f2ee63b-3175-4300-a928-ed0a025656f7','4794be37-69c2-49ac-aa1d-8a17b3e15ff1',0,'2025-05-09 00:00:00','accepted','','18ed8bdb-c14e-4595-8ef0-0aea4eb72ef1','2024-08-01 00:33:12','2024-08-01 00:33:12'),('5f423480-38dc-45d4-8fd2-905911a570ac','0e1aa518-9931-4ce7-b560-b60b24796986','4dacbd48-b0d5-4460-a596-5c693c70dfba',0,'2024-04-04 00:00:00','accepted','','1b1cf7b1-20e4-452b-b81a-344c6cbe3785','2024-08-01 00:39:12','2024-08-01 00:39:12'),('4eae66f1-32be-4726-b55f-aea6125d3fd0','e2de5021-c92a-4ed5-bdf6-7af5fa7b5da0','4dacbd48-b0d5-4460-a596-5c693c70dfba',0,'2024-12-01 00:00:00','accepted','','2d006856-65bf-4dde-b88a-b40912b3d9c1','2024-08-01 00:37:15','2024-08-01 00:37:15'),('b745773d-c0db-4bb3-b294-cc1e272f6ffc','4bae86c1-2f69-4469-9022-0c6a4cd6d9df','4dacbd48-b0d5-4460-a596-5c693c70dfba',0,'2024-08-01 00:00:00','accepted','','2d2cf05b-8268-4e0e-a2df-d47cdd8358b9','2024-08-01 00:17:27','2024-08-01 00:17:27'),('b745773d-c0db-4bb3-b294-cc1e272f6ffc','4bae86c1-2f69-4469-9022-0c6a4cd6d9df','4dacbd48-b0d5-4460-a596-5c693c70dfba',0,'2024-11-01 00:00:00','accepted','','2dcde50f-b623-4f0f-8a22-63f314c01a15','2024-08-01 00:21:04','2024-08-01 00:21:04'),('c1f750d5-13e4-4ee7-ad29-c45e22122d3b','9f2de63a-0eb3-493e-843f-5debb7a1494a','4794be37-69c2-49ac-aa1d-8a17b3e15ff1',0,'2024-01-01 00:00:00','accepted','','31be241a-a01f-4944-88cd-c33d073f6747','2024-08-01 00:44:39','2024-08-01 00:44:39'),('b745773d-c0db-4bb3-b294-cc1e272f6ffc','4bae86c1-2f69-4469-9022-0c6a4cd6d9df','4dacbd48-b0d5-4460-a596-5c693c70dfba',0,'2025-02-01 00:00:00','accepted','','40e3e01d-8b5f-4b80-bc25-e6a58898e8ed','2024-08-01 00:21:33','2024-08-01 00:21:33'),('3b305ad7-1007-4a5e-8f5b-3b5df5d58b5c','7fea1c22-ef66-4ddc-b9b1-6f9df8418b21','4794be37-69c2-49ac-aa1d-8a17b3e15ff1',0,'2024-08-01 00:00:00','accepted','','508085c1-1373-4246-bf28-6409e33cf048','2024-08-01 00:25:53','2024-08-01 00:25:53'),('2abe3302-b51b-4ff8-99c0-d9ef25b0186c','1c963cef-490f-4aa6-914c-7b6a3ed65afd','4794be37-69c2-49ac-aa1d-8a17b3e15ff1',0,'2024-07-07 00:00:00','accepted','','564002bd-bc23-441b-9ce1-889e6d586d9e','2024-08-01 00:42:47','2024-08-01 00:42:47'),('c1f750d5-13e4-4ee7-ad29-c45e22122d3b','9f2de63a-0eb3-493e-843f-5debb7a1494a','4794be37-69c2-49ac-aa1d-8a17b3e15ff1',0,'2024-04-04 00:00:00','accepted','','6069c824-6427-446a-814a-113dbce01bf9','2024-08-01 00:44:57','2024-08-01 00:44:57'),('2abe3302-b51b-4ff8-99c0-d9ef25b0186c','1c963cef-490f-4aa6-914c-7b6a3ed65afd','4794be37-69c2-49ac-aa1d-8a17b3e15ff1',0,'2024-10-10 00:00:00','accepted','','66915f7f-84ea-41ec-a42e-7499c26ce735','2024-08-01 00:43:08','2024-08-01 00:43:08'),('5f423480-38dc-45d4-8fd2-905911a570ac','0e1aa518-9931-4ce7-b560-b60b24796986','4dacbd48-b0d5-4460-a596-5c693c70dfba',0,'2024-07-07 00:00:00','accepted','','7ce4a8d7-1af5-47ef-a075-27541ddf925a','2024-08-01 00:39:37','2024-08-01 00:39:37'),('b745773d-c0db-4bb3-b294-cc1e272f6ffc','4bae86c1-2f69-4469-9022-0c6a4cd6d9df','4dacbd48-b0d5-4460-a596-5c693c70dfba',0,'2026-01-01 00:00:00','accepted','','7f807636-0ba0-4aec-8d3f-35ccaa63512b','2024-08-01 00:24:15','2024-08-01 00:24:15'),('3d301414-454e-4f35-a698-aed2dd7a0ada','3f2ee63b-3175-4300-a928-ed0a025656f7','4794be37-69c2-49ac-aa1d-8a17b3e15ff1',0,'2024-08-01 00:00:00','accepted','','93238f45-f0b7-4ae4-9a5c-a734e4c77d97','2024-08-01 00:31:09','2024-08-01 00:31:09'),('3d301414-454e-4f35-a698-aed2dd7a0ada','3f2ee63b-3175-4300-a928-ed0a025656f7','4794be37-69c2-49ac-aa1d-8a17b3e15ff1',0,'2025-08-15 00:00:00','accepted','','94b832d2-004f-4292-bbea-eb37f2a423fa','2024-08-01 00:33:47','2024-08-01 00:33:47'),('2a27dca1-99a1-4739-9bfd-3b7201af6a3b','d6d6703a-e2fc-485f-aa28-bca021f3f769','4dacbd48-b0d5-4460-a596-5c693c70dfba',0,'2025-02-02 00:00:00','accepted','','9d3c6c62-3229-41b7-9254-16009d3b650c','2024-08-01 00:48:37','2024-08-01 00:48:37'),('b745773d-c0db-4bb3-b294-cc1e272f6ffc','4bae86c1-2f69-4469-9022-0c6a4cd6d9df','4dacbd48-b0d5-4460-a596-5c693c70dfba',0,'2025-09-01 00:00:00','accepted','','a5ee6ea7-6495-473e-8ef0-00d7bffd74f4','2024-08-01 00:23:33','2024-08-01 00:23:33'),('c1f750d5-13e4-4ee7-ad29-c45e22122d3b','9f2de63a-0eb3-493e-843f-5debb7a1494a','4794be37-69c2-49ac-aa1d-8a17b3e15ff1',0,'2024-10-10 00:00:00','accepted','','a63d7a33-b197-4c45-95c6-a5e26c5f6522','2024-08-01 00:45:47','2024-08-01 00:45:47'),('4eae66f1-32be-4726-b55f-aea6125d3fd0','e2de5021-c92a-4ed5-bdf6-7af5fa7b5da0','4dacbd48-b0d5-4460-a596-5c693c70dfba',0,'2024-04-08 00:00:00','accepted','','acc61d60-cee2-4216-902a-50bfcaf581a2','2024-08-01 00:36:02','2024-08-01 00:36:02'),('2a27dca1-99a1-4739-9bfd-3b7201af6a3b','d6d6703a-e2fc-485f-aa28-bca021f3f769','4dacbd48-b0d5-4460-a596-5c693c70dfba',0,'2024-10-10 00:00:00','accepted','','b0ca2c1f-065f-4acf-b6ed-bbadb38062b2','2024-08-01 00:47:48','2024-08-01 00:47:48'),('3b305ad7-1007-4a5e-8f5b-3b5df5d58b5c','7fea1c22-ef66-4ddc-b9b1-6f9df8418b21','4794be37-69c2-49ac-aa1d-8a17b3e15ff1',0,'2025-02-02 00:00:00','accepted','','b7189707-4846-42df-b8b7-4ad26930192f','2024-08-01 00:27:48','2024-08-01 00:27:48'),('2abe3302-b51b-4ff8-99c0-d9ef25b0186c','1c963cef-490f-4aa6-914c-7b6a3ed65afd','4794be37-69c2-49ac-aa1d-8a17b3e15ff1',0,'2024-04-04 00:00:00','accepted','','d5689055-c5e1-43de-bff8-b2da9d054299','2024-08-01 00:42:27','2024-08-01 00:42:27'),('5f423480-38dc-45d4-8fd2-905911a570ac','0e1aa518-9931-4ce7-b560-b60b24796986','4dacbd48-b0d5-4460-a596-5c693c70dfba',0,'2024-10-10 00:00:00','accepted','','da750567-d569-4bc3-8a77-ac2b1e52c059','2024-08-01 00:40:06','2024-08-01 00:40:06'),('2a27dca1-99a1-4739-9bfd-3b7201af6a3b','d6d6703a-e2fc-485f-aa28-bca021f3f769','4dacbd48-b0d5-4460-a596-5c693c70dfba',0,'2024-04-04 00:00:00','accepted','','dbc8928e-fd52-41a9-8ff1-0140f95dcf8a','2024-08-01 00:47:15','2024-08-01 00:47:15'),('3b305ad7-1007-4a5e-8f5b-3b5df5d58b5c','7fea1c22-ef66-4ddc-b9b1-6f9df8418b21','4794be37-69c2-49ac-aa1d-8a17b3e15ff1',0,'2025-06-03 00:00:00','accepted','','e78d474f-fe74-4e7c-935f-25f33b045862','2024-08-01 00:29:51','2024-08-01 00:29:51'),('c1f750d5-13e4-4ee7-ad29-c45e22122d3b','9f2de63a-0eb3-493e-843f-5debb7a1494a','4794be37-69c2-49ac-aa1d-8a17b3e15ff1',0,'2024-07-07 00:00:00','accepted','','e7973e44-4e55-40b9-9bc1-fe84e2b7fe36','2024-08-01 00:45:24','2024-08-01 00:45:24'),('2a27dca1-99a1-4739-9bfd-3b7201af6a3b','d6d6703a-e2fc-485f-aa28-bca021f3f769','4dacbd48-b0d5-4460-a596-5c693c70dfba',0,'2024-07-07 00:00:00','accepted','','eb820142-eb55-4016-8dc8-2531ac82c5f8','2024-08-01 00:47:32','2024-08-01 00:47:32'),('5f423480-38dc-45d4-8fd2-905911a570ac','0e1aa518-9931-4ce7-b560-b60b24796986','4dacbd48-b0d5-4460-a596-5c693c70dfba',0,'2025-01-15 00:00:00','accepted','','ed2863c0-55f8-4cec-bca5-a550bd82e948','2024-08-01 00:40:36','2024-08-01 00:40:36'),('5f423480-38dc-45d4-8fd2-905911a570ac','0e1aa518-9931-4ce7-b560-b60b24796986','4dacbd48-b0d5-4460-a596-5c693c70dfba',0,'2024-01-01 00:00:00','accepted','','edf1dca7-81ff-45c9-9787-00af6f38eb91','2024-08-01 00:38:42','2024-08-01 00:38:42'),('4eae66f1-32be-4726-b55f-aea6125d3fd0','e2de5021-c92a-4ed5-bdf6-7af5fa7b5da0','4dacbd48-b0d5-4460-a596-5c693c70dfba',0,'2024-01-08 00:00:00','accepted','','f5d91ada-3cfd-45ee-b14d-d2d196a66155','2024-08-01 00:35:19','2024-08-01 00:35:19'),('b745773d-c0db-4bb3-b294-cc1e272f6ffc','4bae86c1-2f69-4469-9022-0c6a4cd6d9df','4dacbd48-b0d5-4460-a596-5c693c70dfba',0,'2025-06-01 00:00:00','accepted','','fadcb26f-c1da-4413-9d53-3f96e8184580','2024-08-01 00:22:13','2024-08-01 00:22:13'),('3b305ad7-1007-4a5e-8f5b-3b5df5d58b5c','7fea1c22-ef66-4ddc-b9b1-6f9df8418b21','4794be37-69c2-49ac-aa1d-8a17b3e15ff1',0,'2024-11-02 00:00:00','accepted','','fb46057d-fa04-48a1-bfec-88f153061271','2024-08-01 00:27:09','2024-08-01 00:27:09'),('4eae66f1-32be-4726-b55f-aea6125d3fd0','e2de5021-c92a-4ed5-bdf6-7af5fa7b5da0','4dacbd48-b0d5-4460-a596-5c693c70dfba',0,'2024-08-09 00:00:00','accepted','','fb8f0528-3791-4609-a1a9-820a68d3286c','2024-08-01 00:36:41','2024-08-01 00:36:41'),('2abe3302-b51b-4ff8-99c0-d9ef25b0186c','1c963cef-490f-4aa6-914c-7b6a3ed65afd','4794be37-69c2-49ac-aa1d-8a17b3e15ff1',0,'2024-01-01 00:00:00','accepted','','fe8aa567-7e01-422b-bac2-785e516bdd75','2024-08-01 00:42:01','2024-08-01 00:42:01');
/*!40000 ALTER TABLE `blood_donations` ENABLE KEYS */;
UNLOCK TABLES;

--
-- Table structure for table `blood_groups`
--

DROP TABLE IF EXISTS `blood_groups`;
/*!40101 SET @saved_cs_client     = @@character_set_client */;
/*!50503 SET character_set_client = utf8mb4 */;
CREATE TABLE `blood_groups` (
  `type` varchar(60) NOT NULL,
  `id` varchar(60) NOT NULL,
  `created_at` datetime NOT NULL,
  `updated_at` datetime NOT NULL,
  PRIMARY KEY (`id`),
  UNIQUE KEY `type` (`type`)
) ENGINE=InnoDB DEFAULT CHARSET=utf8mb4 COLLATE=utf8mb4_0900_ai_ci;
/*!40101 SET character_set_client = @saved_cs_client */;

--
-- Dumping data for table `blood_groups`
--

LOCK TABLES `blood_groups` WRITE;
/*!40000 ALTER TABLE `blood_groups` DISABLE KEYS */;
INSERT INTO `blood_groups` VALUES ('AB+','0e1aa518-9931-4ce7-b560-b60b24796986','2024-08-01 00:16:13','2024-08-01 00:16:13'),('AB-','1c963cef-490f-4aa6-914c-7b6a3ed65afd','2024-08-01 00:16:13','2024-08-01 00:16:13'),('B+','3f2ee63b-3175-4300-a928-ed0a025656f7','2024-08-01 00:16:13','2024-08-01 00:16:13'),('A+','4bae86c1-2f69-4469-9022-0c6a4cd6d9df','2024-08-01 00:16:13','2024-08-01 00:16:13'),('A-','7fea1c22-ef66-4ddc-b9b1-6f9df8418b21','2024-08-01 00:16:13','2024-08-01 00:16:13'),('O+','9f2de63a-0eb3-493e-843f-5debb7a1494a','2024-08-01 00:16:13','2024-08-01 00:16:13'),('O-','d6d6703a-e2fc-485f-aa28-bca021f3f769','2024-08-01 00:16:13','2024-08-01 00:16:13'),('B-','e2de5021-c92a-4ed5-bdf6-7af5fa7b5da0','2024-08-01 00:16:13','2024-08-01 00:16:13');
/*!40000 ALTER TABLE `blood_groups` ENABLE KEYS */;
UNLOCK TABLES;

--
-- Table structure for table `blood_stock`
--

DROP TABLE IF EXISTS `blood_stock`;
/*!40101 SET @saved_cs_client     = @@character_set_client */;
/*!50503 SET character_set_client = utf8mb4 */;
CREATE TABLE `blood_stock` (
  `blood_group_id` varchar(60) NOT NULL,
  `blood_bank_id` varchar(60) NOT NULL,
  `volume` int NOT NULL,
  `exp_date` datetime DEFAULT NULL,
  `id` varchar(60) NOT NULL,
  `created_at` datetime NOT NULL,
  `updated_at` datetime NOT NULL,
  PRIMARY KEY (`id`),
  KEY `blood_group_id` (`blood_group_id`),
  KEY `blood_bank_id` (`blood_bank_id`),
  CONSTRAINT `blood_stock_ibfk_1` FOREIGN KEY (`blood_group_id`) REFERENCES `blood_groups` (`id`),
  CONSTRAINT `blood_stock_ibfk_2` FOREIGN KEY (`blood_bank_id`) REFERENCES `blood_banks` (`id`)
) ENGINE=InnoDB DEFAULT CHARSET=utf8mb4 COLLATE=utf8mb4_0900_ai_ci;
/*!40101 SET character_set_client = @saved_cs_client */;

--
-- Dumping data for table `blood_stock`
--

LOCK TABLES `blood_stock` WRITE;
/*!40000 ALTER TABLE `blood_stock` DISABLE KEYS */;
INSERT INTO `blood_stock` VALUES ('e2de5021-c92a-4ed5-bdf6-7af5fa7b5da0','4dacbd48-b0d5-4460-a596-5c693c70dfba',500,'2024-09-15 00:00:00','0894188f-7dd5-4eb8-ac1f-ba85bcc3197a','2024-08-01 00:36:59','2024-08-01 00:36:59'),('0e1aa518-9931-4ce7-b560-b60b24796986','4dacbd48-b0d5-4460-a596-5c693c70dfba',500,'2024-02-15 00:00:00','0f56b270-1a83-4a5b-8892-08a061561645','2024-08-01 00:40:49','2024-08-01 00:40:49'),('d6d6703a-e2fc-485f-aa28-bca021f3f769','4dacbd48-b0d5-4460-a596-5c693c70dfba',500,'2024-02-02 00:00:00','1d325791-726c-441d-9478-ac4645a64604','2024-08-01 00:47:03','2024-08-01 00:47:03'),('d6d6703a-e2fc-485f-aa28-bca021f3f769','4dacbd48-b0d5-4460-a596-5c693c70dfba',500,'2024-08-08 00:00:00','1df70a23-4a52-4318-99e9-31110fbc21c0','2024-08-01 00:47:39','2024-08-01 00:47:39'),('4bae86c1-2f69-4469-9022-0c6a4cd6d9df','4dacbd48-b0d5-4460-a596-5c693c70dfba',500,'2024-11-01 00:00:00','20518968-53c2-4f3c-9533-cf39ebe95fe9','2024-08-01 00:21:15','2024-08-01 00:21:15'),('1c963cef-490f-4aa6-914c-7b6a3ed65afd','4794be37-69c2-49ac-aa1d-8a17b3e15ff1',500,'2024-08-08 00:00:00','2bb13e1e-48bc-49fe-b0c8-b3bf4385d382','2024-08-01 00:42:53','2024-08-01 00:42:53'),('1c963cef-490f-4aa6-914c-7b6a3ed65afd','4794be37-69c2-49ac-aa1d-8a17b3e15ff1',500,'2024-05-05 00:00:00','2cd560e5-8892-48d7-b1ca-c3b095970371','2024-08-01 00:42:35','2024-08-01 00:42:35'),('7fea1c22-ef66-4ddc-b9b1-6f9df8418b21','4794be37-69c2-49ac-aa1d-8a17b3e15ff1',500,'2024-12-07 00:00:00','3b6f2e32-8a8b-46f6-a901-738716e846f2','2024-08-01 00:27:25','2024-08-01 00:27:25'),('7fea1c22-ef66-4ddc-b9b1-6f9df8418b21','4794be37-69c2-49ac-aa1d-8a17b3e15ff1',500,'2025-07-09 00:00:00','4187014f-34e1-4bb8-80ce-583de8d7b400','2024-08-01 00:30:12','2024-08-01 00:30:12'),('7fea1c22-ef66-4ddc-b9b1-6f9df8418b21','4794be37-69c2-49ac-aa1d-8a17b3e15ff1',500,'2024-09-01 00:00:00','4187232c-8d24-4b24-bd70-2df720b9ce7c','2024-08-01 00:26:06','2024-08-01 00:26:06'),('9f2de63a-0eb3-493e-843f-5debb7a1494a','4794be37-69c2-49ac-aa1d-8a17b3e15ff1',500,'2024-02-02 00:00:00','49838e13-641f-4f54-ade2-9a4695f463d5','2024-08-01 00:44:45','2024-08-01 00:44:45'),('9f2de63a-0eb3-493e-843f-5debb7a1494a','4794be37-69c2-49ac-aa1d-8a17b3e15ff1',500,'2024-08-08 00:00:00','4b304774-74e3-42d1-9d68-0cd81fbf9330','2024-08-01 00:45:33','2024-08-01 00:45:33'),('3f2ee63b-3175-4300-a928-ed0a025656f7','4794be37-69c2-49ac-aa1d-8a17b3e15ff1',500,'2025-06-15 00:00:00','4ca51676-7fe2-4a3d-9827-2071eac0e710','2024-08-01 00:33:25','2024-08-01 00:33:25'),('4bae86c1-2f69-4469-9022-0c6a4cd6d9df','4dacbd48-b0d5-4460-a596-5c693c70dfba',500,'2024-09-01 00:00:00','5675e423-e32a-4b41-baa6-c8a83725f25d','2024-08-01 00:18:50','2024-08-01 00:18:50'),('d6d6703a-e2fc-485f-aa28-bca021f3f769','4dacbd48-b0d5-4460-a596-5c693c70dfba',500,'2024-11-11 00:00:00','5cb317d2-bf23-42df-814f-05f12dd1a46f','2024-08-01 00:47:54','2024-08-01 00:47:54'),('4bae86c1-2f69-4469-9022-0c6a4cd6d9df','4dacbd48-b0d5-4460-a596-5c693c70dfba',500,'2025-10-01 00:00:00','5df9f448-01af-4efa-b2ed-e67191cd3016','2024-08-01 00:23:44','2024-08-01 00:23:44'),('4bae86c1-2f69-4469-9022-0c6a4cd6d9df','4dacbd48-b0d5-4460-a596-5c693c70dfba',500,'2025-06-01 00:00:00','883dae50-7233-47e6-b26a-4aa5360c3940','2024-08-01 00:22:28','2024-08-01 00:22:28'),('e2de5021-c92a-4ed5-bdf6-7af5fa7b5da0','4dacbd48-b0d5-4460-a596-5c693c70dfba',500,'2025-01-01 00:00:00','89ff0168-f3cd-4b23-aa59-a1b6b11efe67','2024-08-01 00:37:25','2024-08-01 00:37:25'),('3f2ee63b-3175-4300-a928-ed0a025656f7','4794be37-69c2-49ac-aa1d-8a17b3e15ff1',500,'2024-09-02 00:00:00','8c97fcab-4c90-4ca3-a201-21dcd4aa43c3','2024-08-01 00:31:19','2024-08-01 00:31:19'),('e2de5021-c92a-4ed5-bdf6-7af5fa7b5da0','4dacbd48-b0d5-4460-a596-5c693c70dfba',500,'2024-05-08 00:00:00','a279fcd8-687c-4fa1-955d-9fa1a10fa1a7','2024-08-01 00:36:23','2024-08-01 00:36:23'),('0e1aa518-9931-4ce7-b560-b60b24796986','4dacbd48-b0d5-4460-a596-5c693c70dfba',500,'2024-10-10 00:00:00','aafd583b-18ba-43ce-888c-f85a18eae9e6','2024-08-01 00:40:16','2024-08-01 00:40:16'),('1c963cef-490f-4aa6-914c-7b6a3ed65afd','4794be37-69c2-49ac-aa1d-8a17b3e15ff1',500,'2024-02-02 00:00:00','af328377-340e-4d29-b527-ddf583c371f5','2024-08-01 00:42:14','2024-08-01 00:42:14'),('1c963cef-490f-4aa6-914c-7b6a3ed65afd','4794be37-69c2-49ac-aa1d-8a17b3e15ff1',500,'2025-02-02 00:00:00','b1065572-2b46-41f5-aa1e-18a2bfdb6bf2','2024-08-01 00:43:59','2024-08-01 00:43:59'),('0e1aa518-9931-4ce7-b560-b60b24796986','4dacbd48-b0d5-4460-a596-5c693c70dfba',500,'2024-01-01 00:00:00','b279b25b-f1b0-4b2c-872a-cd7c78a75ca4','2024-08-01 00:38:48','2024-08-01 00:38:48'),('9f2de63a-0eb3-493e-843f-5debb7a1494a','4794be37-69c2-49ac-aa1d-8a17b3e15ff1',500,'2024-11-11 00:00:00','b3826133-a49b-4ac5-8d68-bfffb85cdfc0','2024-08-01 00:45:57','2024-08-01 00:45:57'),('d6d6703a-e2fc-485f-aa28-bca021f3f769','4dacbd48-b0d5-4460-a596-5c693c70dfba',500,'2025-03-08 00:00:00','b8c64cdd-2e69-4b3b-8f81-1b606d1f9f65','2024-08-01 00:48:50','2024-08-01 00:48:50'),('d6d6703a-e2fc-485f-aa28-bca021f3f769','4dacbd48-b0d5-4460-a596-5c693c70dfba',500,'2024-05-05 00:00:00','c2545bc4-57f5-4f2b-9dfc-6996d3484db7','2024-08-01 00:47:21','2024-08-01 00:47:21'),('4bae86c1-2f69-4469-9022-0c6a4cd6d9df','4dacbd48-b0d5-4460-a596-5c693c70dfba',500,'2025-03-01 00:00:00','c3d96603-62f3-4853-8307-de35577be3aa','2024-08-01 00:21:44','2024-08-01 00:21:44'),('7fea1c22-ef66-4ddc-b9b1-6f9df8418b21','4794be37-69c2-49ac-aa1d-8a17b3e15ff1',500,'2025-03-08 00:00:00','c423270e-8983-4f1c-883f-e1df92a43fcb','2024-08-01 00:28:06','2024-08-01 00:28:06'),('4bae86c1-2f69-4469-9022-0c6a4cd6d9df','4dacbd48-b0d5-4460-a596-5c693c70dfba',500,'2026-02-01 00:00:00','c987b2e9-c129-42c4-8142-69df755cae3e','2024-08-01 00:24:31','2024-08-01 00:24:31'),('0e1aa518-9931-4ce7-b560-b60b24796986','4dacbd48-b0d5-4460-a596-5c693c70dfba',500,'2024-01-01 00:00:00','c9c6b4e6-0719-415d-922d-a4adb8426a86','2024-08-01 00:39:19','2024-08-01 00:39:19'),('3f2ee63b-3175-4300-a928-ed0a025656f7','4794be37-69c2-49ac-aa1d-8a17b3e15ff1',500,'2025-01-09 00:00:00','ca810c5c-c221-4940-a21f-354f78f43696','2024-08-01 00:32:28','2024-08-01 00:32:28'),('3f2ee63b-3175-4300-a928-ed0a025656f7','4794be37-69c2-49ac-aa1d-8a17b3e15ff1',500,'2025-09-20 00:00:00','ced0724c-73f4-4da8-a3a6-8c6b9b160326','2024-08-01 00:34:10','2024-08-01 00:34:10'),('e2de5021-c92a-4ed5-bdf6-7af5fa7b5da0','4dacbd48-b0d5-4460-a596-5c693c70dfba',500,'2024-02-07 00:00:00','dcb7d4a7-6c57-42bb-84fe-e2f1ec7be072','2024-08-01 00:35:45','2024-08-01 00:35:45'),('0e1aa518-9931-4ce7-b560-b60b24796986','4dacbd48-b0d5-4460-a596-5c693c70dfba',500,'2024-01-01 00:00:00','ebca5cc1-0f56-4f0f-b6e1-bb7182824a9b','2024-08-01 00:39:45','2024-08-01 00:39:45'),('9f2de63a-0eb3-493e-843f-5debb7a1494a','4794be37-69c2-49ac-aa1d-8a17b3e15ff1',500,'2024-05-05 00:00:00','ffb343f2-ccc8-41e7-a84f-ac54d972b6d0','2024-08-01 00:45:10','2024-08-01 00:45:10'),('1c963cef-490f-4aa6-914c-7b6a3ed65afd','4794be37-69c2-49ac-aa1d-8a17b3e15ff1',500,'2024-11-11 00:00:00','ffe89ab5-3c52-434c-a684-c1cfd13e56d2','2024-08-01 00:43:15','2024-08-01 00:43:15');
/*!40000 ALTER TABLE `blood_stock` ENABLE KEYS */;
UNLOCK TABLES;

--
-- Table structure for table `cities`
--

DROP TABLE IF EXISTS `cities`;
/*!40101 SET @saved_cs_client     = @@character_set_client */;
/*!50503 SET character_set_client = utf8mb4 */;
CREATE TABLE `cities` (
  `name` varchar(60) NOT NULL,
  `id` varchar(60) NOT NULL,
  `created_at` datetime NOT NULL,
  `updated_at` datetime NOT NULL,
  PRIMARY KEY (`id`)
) ENGINE=InnoDB DEFAULT CHARSET=utf8mb4 COLLATE=utf8mb4_0900_ai_ci;
/*!40101 SET character_set_client = @saved_cs_client */;

--
-- Dumping data for table `cities`
--

LOCK TABLES `cities` WRITE;
/*!40000 ALTER TABLE `cities` DISABLE KEYS */;
INSERT INTO `cities` VALUES ('Beni Suef','01a65076-542e-4984-b589-7188fd304e54','2024-08-01 03:46:50','2024-08-01 03:46:50'),('New Valley','03aeba60-d04b-4d64-b02f-7b87a6f7f0b4','2024-08-01 03:46:54','2024-08-01 03:46:54'),('Gharbia','1768afe0-09e8-4035-a634-3c6392f99dfb','2024-08-01 03:46:49','2024-08-01 03:46:49'),('Beheira','1ae8781b-905d-41d1-8d11-79919ad82ff2','2024-08-01 03:46:48','2024-08-01 03:46:48'),('Luxor','2cfc9d10-f15a-41e3-a26d-833592466b72','2024-08-01 03:46:53','2024-08-01 03:46:53'),('South Sinai','3f21c105-aac7-44ce-ac0d-27395f7f6025','2024-08-01 03:46:55','2024-08-01 03:46:55'),('Qena','42a30d1a-7e62-4380-ba7c-1c98663ead5c','2024-08-01 03:46:52','2024-08-01 03:46:52'),('Sohag','47fb8866-8ddb-477f-ab91-ae3405e849fe','2024-08-01 03:46:52','2024-08-01 03:46:52'),('Aswan','5fb64ea4-b202-4b7d-a689-52857267dde7','2024-08-01 03:46:53','2024-08-01 03:46:53'),('Dakahlia','63dc3f97-b289-4393-b934-115767f9ac39','2024-08-01 03:46:46','2024-08-01 03:46:46'),('Red Sea','67fc9694-54ad-4bdc-8c82-829ea5634fe5','2024-08-01 03:46:54','2024-08-01 03:46:54'),('Monufia','6b60842b-9caa-4621-aee8-57a02b6ac78b','2024-08-01 03:46:49','2024-08-01 03:46:49'),('Assiut','6dfbb3d4-2a87-4e55-847c-04beefc409c4','2024-08-01 03:46:51','2024-08-01 03:46:51'),('Minya','991a0cc4-933d-4040-8f07-ff88550b3ee4','2024-08-01 03:46:51','2024-08-01 03:46:51'),('Cairo','a3f842e6-4ad5-4dd5-933b-f962118a62b8','2024-08-01 00:16:12','2024-08-01 00:16:12'),('Kafr el-Sheikh','b963d584-a044-4d26-8925-32b9ed31d849','2024-08-01 03:46:48','2024-08-01 03:46:48'),('Fayoum','bc2e32c0-67bb-495c-afb7-983221c9de1f','2024-08-01 03:46:50','2024-08-01 03:46:50'),('Giza','ce1e27fb-1b2a-4e07-8ec6-caccbcf0d782','2024-08-01 03:46:46','2024-08-01 03:46:46'),('Sharkia','d2d835ab-1e8b-4685-a4ed-f76da1871aab','2024-08-01 03:46:47','2024-08-01 03:46:47'),('North Sinai','e4110b7a-a3b9-45c0-ae78-e9bb6770caf7','2024-08-01 03:46:55','2024-08-01 03:46:55'),('Qalyubia','edc8e4bd-e9a6-473a-97bb-0280d476e026','2024-08-01 03:46:47','2024-08-01 03:46:47'),('Alex','fafa5568-8a4a-40a6-8872-feef9ec1175e','2024-08-01 00:16:12','2024-08-01 00:16:12');
/*!40000 ALTER TABLE `cities` ENABLE KEYS */;
UNLOCK TABLES;

--
-- Table structure for table `donors`
--

DROP TABLE IF EXISTS `donors`;
/*!40101 SET @saved_cs_client     = @@character_set_client */;
/*!50503 SET character_set_client = utf8mb4 */;
CREATE TABLE `donors` (
  `name` varchar(60) NOT NULL,
  `national_id` varchar(60) NOT NULL,
  `blood_group_id` varchar(60) NOT NULL,
  `email` varchar(60) NOT NULL,
  `city_id` varchar(60) NOT NULL,
  `id` varchar(60) NOT NULL,
  `created_at` datetime NOT NULL,
  `updated_at` datetime NOT NULL,
  PRIMARY KEY (`id`),
  UNIQUE KEY `national_id` (`national_id`),
  UNIQUE KEY `email` (`email`),
  KEY `blood_group_id` (`blood_group_id`),
  KEY `city_id` (`city_id`),
  CONSTRAINT `donors_ibfk_1` FOREIGN KEY (`blood_group_id`) REFERENCES `blood_groups` (`id`),
  CONSTRAINT `donors_ibfk_2` FOREIGN KEY (`city_id`) REFERENCES `cities` (`id`)
) ENGINE=InnoDB DEFAULT CHARSET=utf8mb4 COLLATE=utf8mb4_0900_ai_ci;
/*!40101 SET character_set_client = @saved_cs_client */;

--
-- Dumping data for table `donors`
--

LOCK TABLES `donors` WRITE;
/*!40000 ALTER TABLE `donors` DISABLE KEYS */;
INSERT INTO `donors` VALUES ('Amir','753','d6d6703a-e2fc-485f-aa28-bca021f3f769','r@r.com','a3f842e6-4ad5-4dd5-933b-f962118a62b8','2a27dca1-99a1-4739-9bfd-3b7201af6a3b','2024-08-01 00:46:44','2024-08-01 00:46:44'),('Aya','369','1c963cef-490f-4aa6-914c-7b6a3ed65afd','a@a.com','fafa5568-8a4a-40a6-8872-feef9ec1175e','2abe3302-b51b-4ff8-99c0-d9ef25b0186c','2024-08-01 00:41:46','2024-08-01 00:41:46'),('Ahmed Khaled','456','7fea1c22-ef66-4ddc-b9b1-6f9df8418b21','ak@ak.com','fafa5568-8a4a-40a6-8872-feef9ec1175e','3b305ad7-1007-4a5e-8f5b-3b5df5d58b5c','2024-08-01 00:25:44','2024-08-01 00:25:44'),('Mohamed Said','789','3f2ee63b-3175-4300-a928-ed0a025656f7','ms@ms.com','fafa5568-8a4a-40a6-8872-feef9ec1175e','3d301414-454e-4f35-a698-aed2dd7a0ada','2024-08-01 00:30:59','2024-08-01 00:30:59'),('Yasmin','147','e2de5021-c92a-4ed5-bdf6-7af5fa7b5da0','y@y.com','a3f842e6-4ad5-4dd5-933b-f962118a62b8','4eae66f1-32be-4726-b55f-aea6125d3fd0','2024-08-01 00:35:05','2024-08-01 00:35:05'),('Tamer','258','0e1aa518-9931-4ce7-b560-b60b24796986','t@t.com','a3f842e6-4ad5-4dd5-933b-f962118a62b8','5f423480-38dc-45d4-8fd2-905911a570ac','2024-08-01 00:38:33','2024-08-01 00:38:33'),('demo','123','4bae86c1-2f69-4469-9022-0c6a4cd6d9df','demo@demo.com','a3f842e6-4ad5-4dd5-933b-f962118a62b8','b745773d-c0db-4bb3-b294-cc1e272f6ffc','2024-08-01 00:17:20','2024-08-01 00:17:20'),('Omar','159','9f2de63a-0eb3-493e-843f-5debb7a1494a','o@o.com','fafa5568-8a4a-40a6-8872-feef9ec1175e','c1f750d5-13e4-4ee7-ad29-c45e22122d3b','2024-08-01 00:44:30','2024-08-01 00:44:30');
/*!40000 ALTER TABLE `donors` ENABLE KEYS */;
UNLOCK TABLES;

--
-- Table structure for table `hospitals`
--

DROP TABLE IF EXISTS `hospitals`;
/*!40101 SET @saved_cs_client     = @@character_set_client */;
/*!50503 SET character_set_client = utf8mb4 */;
CREATE TABLE `hospitals` (
  `name` varchar(60) NOT NULL,
  `hashed_password` varchar(128) NOT NULL,
  `city_id` varchar(60) NOT NULL,
  `id` varchar(60) NOT NULL,
  `created_at` datetime NOT NULL,
  `updated_at` datetime NOT NULL,
  PRIMARY KEY (`id`),
  KEY `city_id` (`city_id`),
  CONSTRAINT `hospitals_ibfk_1` FOREIGN KEY (`city_id`) REFERENCES `cities` (`id`)
) ENGINE=InnoDB DEFAULT CHARSET=utf8mb4 COLLATE=utf8mb4_0900_ai_ci;
/*!40101 SET character_set_client = @saved_cs_client */;

--
-- Dumping data for table `hospitals`
--

LOCK TABLES `hospitals` WRITE;
/*!40000 ALTER TABLE `hospitals` DISABLE KEYS */;
INSERT INTO `hospitals` VALUES ('Giza central hospital','$2b$12$XF3FU92ru61/B2cfgVvz7eaNc8OJyf/fprkZBTQI0ks1mjuApmnwa','ce1e27fb-1b2a-4e07-8ec6-caccbcf0d782','13a0ced2-aa02-4c9d-a5b4-00277f8a65e7','2024-08-01 03:46:46','2024-08-01 03:46:46'),('Monufia central hospital','$2b$12$JPPMz.0abIKEPe4J83wsxunpis778HJur98LhEl7PT2xUvu0Y192i','6b60842b-9caa-4621-aee8-57a02b6ac78b','20eee48a-64ed-4b8a-a33b-97cbf16e71d7','2024-08-01 03:46:49','2024-08-01 03:46:49'),('Qalyubia central hospital','$2b$12$yzZpO1rQ7oq8YWmWTCHWGufgh6bZW9wDtM66b.xBWMVHmmmSKZL4S','edc8e4bd-e9a6-473a-97bb-0280d476e026','240e5078-e00e-4718-9c97-56e7b0d2fde2','2024-08-01 03:46:48','2024-08-01 03:46:48'),('Kafr el-Sheikh central hospital','$2b$12$stfxgM/ZFb9C5h2BDWLyAeo9lvMG2Nkp/s5gPbfDmdMXSxcdFqrzi','b963d584-a044-4d26-8925-32b9ed31d849','32358fea-54e7-4743-87a0-1b6f5a755d99','2024-08-01 03:46:49','2024-08-01 03:46:49'),('Beheira central hospital','$2b$12$KWrpvrCgGCFQjp6QBp/W8.YEq9z9ypIify9J2N6ZPXz/DMGvwRKUq','1ae8781b-905d-41d1-8d11-79919ad82ff2','48f59bc3-0468-4dc0-ba9b-abca2c5238c0','2024-08-01 03:46:48','2024-08-01 03:46:48'),('Sohag central hospital','$2b$12$j4m92Ee0aBOMoLH5lVM4pux6G1GuYUnaAOlMrtWD8GnJlkUF7CaEG','47fb8866-8ddb-477f-ab91-ae3405e849fe','4940545c-af45-464f-a571-21b93cf5e426','2024-08-01 03:46:52','2024-08-01 03:46:52'),('Red Sea central hospital','$2b$12$Cuv4eDUbrwfHmE7r.tDtIO9fa7UiozEYjWZxB2hmjI5Fjydea3cma','67fc9694-54ad-4bdc-8c82-829ea5634fe5','521d9187-63ec-435e-af26-7aae9475d991','2024-08-01 03:46:54','2024-08-01 03:46:54'),('New Valley central hospital','$2b$12$.J90l83fsm.5VSv98q0ke.R14j3Z2xiScedf2ApwuKPzOORaptoje','03aeba60-d04b-4d64-b02f-7b87a6f7f0b4','6df841f4-6057-4531-8fff-ff919d8b3453','2024-08-01 03:46:55','2024-08-01 03:46:55'),('Beni Suef central hospital','$2b$12$EpoHBSD.jfAGXPYeZYYN4OuXBs7TuZAH27NqWbER0V/wurIFQe3RC','01a65076-542e-4984-b589-7188fd304e54','70f64eb0-e0d2-46d1-af55-7b222770d889','2024-08-01 03:46:50','2024-08-01 03:46:50'),('Dakahlia central hospital','$2b$12$bLQr47DL0wxLV2Yc40gtoO8DuYC20Mr4.exZeP0.s9.jHo5KQ7RMO','63dc3f97-b289-4393-b934-115767f9ac39','758684a9-17ec-4008-94e1-79f7929c6026','2024-08-01 03:46:47','2024-08-01 03:46:47'),('Luxor central hospital','$2b$12$kHn7VIw4drnjjNaOWcC9CO.SAdqW1ulEPM0GmYMbyHk6yfiPdz/Ta','2cfc9d10-f15a-41e3-a26d-833592466b72','89696203-f62a-4b28-9ae7-fc7d8e1f4eae','2024-08-01 03:46:53','2024-08-01 03:46:53'),('Gharbia central hospital','$2b$12$YwuH3CbE1gRpa3ccVIUgFua34MXbRoZLC2S9VrXg9gygvN4R/4Y16','1768afe0-09e8-4035-a634-3c6392f99dfb','8afd3972-178f-4083-b1ba-2b57435c7317','2024-08-01 03:46:50','2024-08-01 03:46:50'),('Minya central hospital','$2b$12$36IvuxyRCjP1Q.P.FaYeOewACKymo07TRdGx3svMyHM8HJdFB276y','991a0cc4-933d-4040-8f07-ff88550b3ee4','8b6852e8-b0ff-44e2-a237-920475f70c6c','2024-08-01 03:46:51','2024-08-01 03:46:51'),('Fayoum central hospital','$2b$12$Qsn2Nji9gvhC.FV0aCaCpOcLKfYjA3SvKdTfl/cOA03CpJ40f74.u','bc2e32c0-67bb-495c-afb7-983221c9de1f','9a7b3726-d109-4e94-aef5-d425a73e96fc','2024-08-01 03:46:51','2024-08-01 03:46:51'),('Cairo central hospital','$2b$12$q01l5JSl5d6bNhI8Ci1YsuJ/m..lKhiRFMmTH6nmeCykOQLk6V7eq','a3f842e6-4ad5-4dd5-933b-f962118a62b8','a2f8a606-a89c-4818-854e-f2c1ccd0028b','2024-08-01 00:16:13','2024-08-01 00:16:13'),('Assiut central hospital','$2b$12$fbUY8kL83Sfmk1FamBPgAu.eDUS3bxAYPMjX/vwxHwHTHcJN0f9Ie','6dfbb3d4-2a87-4e55-847c-04beefc409c4','c8cbd171-9eca-4d95-af63-5a3ccc788171','2024-08-01 03:46:52','2024-08-01 03:46:52'),('Alex central hospital','$2b$12$w9YjmDRMix7PqmcmC/uLE.XJqW77hDyEe/tekjzGdoQXQXyWRmzBq','fafa5568-8a4a-40a6-8872-feef9ec1175e','c9a1832f-b927-47e7-9dc3-aacba780dafc','2024-08-01 00:16:13','2024-08-01 00:16:13'),('Aswan central hospital','$2b$12$T0tzoEnFgXaAu.zpDKCswuBh3ozjnYpQyPa8lsZlgoXuE836Fa7Vy','5fb64ea4-b202-4b7d-a689-52857267dde7','dcb5a1c0-efa3-4349-8409-93ee9932cd28','2024-08-01 03:46:54','2024-08-01 03:46:54'),('Sharkia central hospital','$2b$12$z60nSlt/KoNanpI0Z3GwU.NYMJutLg69iJ77V5ddeNg0FuYo1w.re','d2d835ab-1e8b-4685-a4ed-f76da1871aab','de977be7-8079-4de8-97c3-d015a58fffaf','2024-08-01 03:46:47','2024-08-01 03:46:47'),('Qena central hospital','$2b$12$tu3U/10DykpihCNLHoyuUOafk8b4cIE2t03N4H/mEhLtQInjgyNOS','42a30d1a-7e62-4380-ba7c-1c98663ead5c','e7587959-e5be-4759-a013-d41980173ef2','2024-08-01 03:46:53','2024-08-01 03:46:53'),('South Sinai central hospital','$2b$12$oYSQ52y9znQeD1vIyaarS.OALedy9WKW0zPO.v07x6Z8ZmQLA9MUy','3f21c105-aac7-44ce-ac0d-27395f7f6025','f365e19f-8fe8-40bd-a962-ade796d1605a','2024-08-01 03:46:56','2024-08-01 03:46:56'),('North Sinai central hospital','$2b$12$4fIDmBcCxMUDw.p0ewFRA.sXkQ8Id2zINp2pwfMpYpH45rW9Oeer6','e4110b7a-a3b9-45c0-ae78-e9bb6770caf7','f7edf233-ef49-4c31-9878-cd2b43b802c9','2024-08-01 03:46:55','2024-08-01 03:46:55');
/*!40000 ALTER TABLE `hospitals` ENABLE KEYS */;
UNLOCK TABLES;

--
-- Table structure for table `patients`
--

DROP TABLE IF EXISTS `patients`;
/*!40101 SET @saved_cs_client     = @@character_set_client */;
/*!50503 SET character_set_client = utf8mb4 */;
CREATE TABLE `patients` (
  `name` varchar(60) NOT NULL,
  `hospital_id` varchar(60) NOT NULL,
  `blood_group_id` varchar(60) NOT NULL,
  `status` varchar(60) NOT NULL,
  `id` varchar(60) NOT NULL,
  `created_at` datetime NOT NULL,
  `updated_at` datetime NOT NULL,
  PRIMARY KEY (`id`),
  KEY `hospital_id` (`hospital_id`),
  KEY `blood_group_id` (`blood_group_id`),
  CONSTRAINT `patients_ibfk_1` FOREIGN KEY (`hospital_id`) REFERENCES `hospitals` (`id`),
  CONSTRAINT `patients_ibfk_2` FOREIGN KEY (`blood_group_id`) REFERENCES `blood_groups` (`id`)
) ENGINE=InnoDB DEFAULT CHARSET=utf8mb4 COLLATE=utf8mb4_0900_ai_ci;
/*!40101 SET character_set_client = @saved_cs_client */;

--
-- Dumping data for table `patients`
--

LOCK TABLES `patients` WRITE;
/*!40000 ALTER TABLE `patients` DISABLE KEYS */;
INSERT INTO `patients` VALUES ('Nour','de977be7-8079-4de8-97c3-d015a58fffaf','d6d6703a-e2fc-485f-aa28-bca021f3f769','Normal','00ae6100-9c85-4f18-a6de-3f077be439b4','2024-08-01 04:18:50','2024-08-01 04:18:50'),('Mahmoud','240e5078-e00e-4718-9c97-56e7b0d2fde2','1c963cef-490f-4aa6-914c-7b6a3ed65afd','Urgent','01ce4174-11c7-48a0-a51c-49dfd89d5291','2024-08-01 04:18:48','2024-08-01 04:18:48'),('Ahmed','758684a9-17ec-4008-94e1-79f7929c6026','0e1aa518-9931-4ce7-b560-b60b24796986','Normal','04b4bd88-51bb-46b1-9fe6-bdd1231273f5','2024-08-01 04:18:49','2024-08-01 04:18:49'),('Tamer','70f64eb0-e0d2-46d1-af55-7b222770d889','e2de5021-c92a-4ed5-bdf6-7af5fa7b5da0','Urgent','04e5fb0d-9c9f-4381-80cc-89801fcb2ee2','2024-08-01 04:18:49','2024-08-01 04:18:49'),('Youssef','a2f8a606-a89c-4818-854e-f2c1ccd0028b','4bae86c1-2f69-4469-9022-0c6a4cd6d9df','Normal','06429e38-a9cf-46d3-910b-f352b0a8c7bd','2024-08-01 00:16:13','2024-08-01 00:16:13'),('Ibrahem','de977be7-8079-4de8-97c3-d015a58fffaf','7fea1c22-ef66-4ddc-b9b1-6f9df8418b21','Urgent','06ee166b-c876-4d35-907d-4c62df04d2bf','2024-08-01 04:18:50','2024-08-01 04:18:50'),('Khaled','521d9187-63ec-435e-af26-7aae9475d991','4bae86c1-2f69-4469-9022-0c6a4cd6d9df','Normal','0cc994fe-c6c0-4e3c-87f4-ce947e35e354','2024-08-01 04:18:49','2024-08-01 04:18:49'),('Tamer','8b6852e8-b0ff-44e2-a237-920475f70c6c','e2de5021-c92a-4ed5-bdf6-7af5fa7b5da0','Urgent','0dc452ab-7601-4899-9bdf-d749f37b4b08','2024-08-01 04:18:49','2024-08-01 04:18:49'),('Terry','a2f8a606-a89c-4818-854e-f2c1ccd0028b','d6d6703a-e2fc-485f-aa28-bca021f3f769','Normal','0dc5ad45-9ab9-4def-bd4c-d00920878933','2024-08-01 00:16:14','2024-08-01 00:16:14'),('Nour','c8cbd171-9eca-4d95-af63-5a3ccc788171','d6d6703a-e2fc-485f-aa28-bca021f3f769','Normal','0f14fdde-b6a0-42fe-a6ad-6e758666b345','2024-08-01 04:18:50','2024-08-01 04:18:50'),('Khaled','758684a9-17ec-4008-94e1-79f7929c6026','4bae86c1-2f69-4469-9022-0c6a4cd6d9df','Normal','10820a48-4eca-4e68-a19f-80abe29e03f6','2024-08-01 04:18:49','2024-08-01 04:18:49'),('Mahmoud','521d9187-63ec-435e-af26-7aae9475d991','1c963cef-490f-4aa6-914c-7b6a3ed65afd','Urgent','12f0fc94-24ce-4652-b761-3b6562b25d8a','2024-08-01 04:18:49','2024-08-01 04:18:49'),('Mahmoud','9a7b3726-d109-4e94-aef5-d425a73e96fc','1c963cef-490f-4aa6-914c-7b6a3ed65afd','Urgent','1326fdbc-e5be-4a4c-85c3-c02c74b86571','2024-08-01 04:18:49','2024-08-01 04:18:49'),('Ahmed','c8cbd171-9eca-4d95-af63-5a3ccc788171','0e1aa518-9931-4ce7-b560-b60b24796986','Normal','13387e29-c148-489f-a105-2196d8ae98e3','2024-08-01 04:18:50','2024-08-01 04:18:50'),('Said','13a0ced2-aa02-4c9d-a5b4-00277f8a65e7','3f2ee63b-3175-4300-a928-ed0a025656f7','Immediate','175b2b8d-3061-4d37-8237-2b04e7e6e9d8','2024-08-01 04:18:48','2024-08-01 04:18:48'),('Nour','c9a1832f-b927-47e7-9dc3-aacba780dafc','d6d6703a-e2fc-485f-aa28-bca021f3f769','Normal','1795c450-498b-4437-a32c-2c8fb8aa5225','2024-08-01 04:18:50','2024-08-01 04:18:50'),('Khaled','13a0ced2-aa02-4c9d-a5b4-00277f8a65e7','4bae86c1-2f69-4469-9022-0c6a4cd6d9df','Normal','18aee085-88ff-4bd4-86d1-c178fef0774f','2024-08-01 04:18:48','2024-08-01 04:18:48'),('Well','c9a1832f-b927-47e7-9dc3-aacba780dafc','1c963cef-490f-4aa6-914c-7b6a3ed65afd','Immediate','199aefe6-68ca-453e-923d-050dd4512372','2024-08-01 00:16:14','2024-08-01 00:16:14'),('Youssef','f365e19f-8fe8-40bd-a962-ade796d1605a','9f2de63a-0eb3-493e-843f-5debb7a1494a','Immediate','199ce269-0ffc-4383-94d5-5102ade8b867','2024-08-01 04:18:50','2024-08-01 04:18:50'),('Ahmed','89696203-f62a-4b28-9ae7-fc7d8e1f4eae','0e1aa518-9931-4ce7-b560-b60b24796986','Normal','19aa64b7-2089-4f9e-afab-28e49f6ef70a','2024-08-01 04:18:49','2024-08-01 04:18:49'),('Khaled','f365e19f-8fe8-40bd-a962-ade796d1605a','4bae86c1-2f69-4469-9022-0c6a4cd6d9df','Normal','1aa5c121-5779-47d4-8bc1-5e394e7ec0a7','2024-08-01 04:18:50','2024-08-01 04:18:50'),('Khaled','8b6852e8-b0ff-44e2-a237-920475f70c6c','4bae86c1-2f69-4469-9022-0c6a4cd6d9df','Normal','1b318d46-9eec-4699-a81b-072ee34e87d7','2024-08-01 04:18:49','2024-08-01 04:18:49'),('Youssef','dcb5a1c0-efa3-4349-8409-93ee9932cd28','9f2de63a-0eb3-493e-843f-5debb7a1494a','Immediate','1b37aa8b-2b29-4c59-b9e2-4170b36fa82f','2024-08-01 04:18:50','2024-08-01 04:18:50'),('Nour','a2f8a606-a89c-4818-854e-f2c1ccd0028b','d6d6703a-e2fc-485f-aa28-bca021f3f769','Normal','1b8ff530-d233-47e5-aa1d-514c7608c692','2024-08-01 04:18:50','2024-08-01 04:18:50'),('Mahmoud','de977be7-8079-4de8-97c3-d015a58fffaf','1c963cef-490f-4aa6-914c-7b6a3ed65afd','Urgent','1f8c1ca6-8943-4359-ba2c-1acfef13abd5','2024-08-01 04:18:50','2024-08-01 04:18:50'),('Tamer','758684a9-17ec-4008-94e1-79f7929c6026','e2de5021-c92a-4ed5-bdf6-7af5fa7b5da0','Urgent','2002be93-2811-42ca-8f05-abb68a191fa8','2024-08-01 04:18:49','2024-08-01 04:18:49'),('Youssef','9a7b3726-d109-4e94-aef5-d425a73e96fc','9f2de63a-0eb3-493e-843f-5debb7a1494a','Immediate','200fb1fa-9ba1-4508-abcf-26762bdf5100','2024-08-01 04:18:50','2024-08-01 04:18:50'),('Ibrahem','4940545c-af45-464f-a571-21b93cf5e426','7fea1c22-ef66-4ddc-b9b1-6f9df8418b21','Urgent','2415e960-8742-452b-8b1a-7df2e739ac2c','2024-08-01 04:18:49','2024-08-01 04:18:49'),('Nour','48f59bc3-0468-4dc0-ba9b-abca2c5238c0','d6d6703a-e2fc-485f-aa28-bca021f3f769','Normal','257f86cb-2e02-4aac-86a5-493a4f19edb5','2024-08-01 04:18:49','2024-08-01 04:18:49'),('Mahmoud','c8cbd171-9eca-4d95-af63-5a3ccc788171','1c963cef-490f-4aa6-914c-7b6a3ed65afd','Urgent','2684a6d1-adad-4cdb-8c8a-3866c968e34e','2024-08-01 04:18:50','2024-08-01 04:18:50'),('Mahmoud','a2f8a606-a89c-4818-854e-f2c1ccd0028b','1c963cef-490f-4aa6-914c-7b6a3ed65afd','Urgent','2729ca96-2860-4a4e-8f57-00df68291c4f','2024-08-01 04:18:50','2024-08-01 04:18:50'),('Tamer','521d9187-63ec-435e-af26-7aae9475d991','e2de5021-c92a-4ed5-bdf6-7af5fa7b5da0','Urgent','2808b4cd-ef7b-4b63-9f42-c846fb7c1283','2024-08-01 04:18:49','2024-08-01 04:18:49'),('Smith','c9a1832f-b927-47e7-9dc3-aacba780dafc','9f2de63a-0eb3-493e-843f-5debb7a1494a','Immediate','28eae27a-7705-4231-beb0-f0acdfbb1640','2024-08-01 00:16:14','2024-08-01 00:16:14'),('Ahmed','70f64eb0-e0d2-46d1-af55-7b222770d889','0e1aa518-9931-4ce7-b560-b60b24796986','Normal','29a25f7e-ec7a-43b2-9551-ccb17c032432','2024-08-01 04:18:49','2024-08-01 04:18:49'),('Tamer','f365e19f-8fe8-40bd-a962-ade796d1605a','e2de5021-c92a-4ed5-bdf6-7af5fa7b5da0','Urgent','2a81e417-8bc5-4e71-953e-a5cc0fb6b6fd','2024-08-01 04:18:50','2024-08-01 04:18:50'),('Khaled','9a7b3726-d109-4e94-aef5-d425a73e96fc','4bae86c1-2f69-4469-9022-0c6a4cd6d9df','Normal','2c63142c-01fb-4173-a56b-38c9dbab5bf2','2024-08-01 04:18:49','2024-08-01 04:18:49'),('Ahmed','8b6852e8-b0ff-44e2-a237-920475f70c6c','0e1aa518-9931-4ce7-b560-b60b24796986','Normal','2d0f3dc0-d88f-45ff-95d5-820d856d26f5','2024-08-01 04:18:49','2024-08-01 04:18:49'),('Ibrahem','70f64eb0-e0d2-46d1-af55-7b222770d889','7fea1c22-ef66-4ddc-b9b1-6f9df8418b21','Urgent','2d43b5f8-ac55-438e-aee7-8e80b2e99a12','2024-08-01 04:18:49','2024-08-01 04:18:49'),('Nour','6df841f4-6057-4531-8fff-ff919d8b3453','d6d6703a-e2fc-485f-aa28-bca021f3f769','Normal','2d97c859-13ae-4698-8416-f31f5ad74d22','2024-08-01 04:18:49','2024-08-01 04:18:49'),('Khaled','32358fea-54e7-4743-87a0-1b6f5a755d99','4bae86c1-2f69-4469-9022-0c6a4cd6d9df','Normal','2e0876fd-ada9-4039-94bf-992439d5cc70','2024-08-01 04:18:49','2024-08-01 04:18:49'),('Khaled','c9a1832f-b927-47e7-9dc3-aacba780dafc','4bae86c1-2f69-4469-9022-0c6a4cd6d9df','Normal','2e19bce2-df4e-4381-b631-19ba119a8274','2024-08-01 04:18:50','2024-08-01 04:18:50'),('Mahmoud','89696203-f62a-4b28-9ae7-fc7d8e1f4eae','1c963cef-490f-4aa6-914c-7b6a3ed65afd','Urgent','304a5961-e52f-49e9-9a7f-649a34c0fcc8','2024-08-01 04:18:49','2024-08-01 04:18:49'),('Ahmed','8afd3972-178f-4083-b1ba-2b57435c7317','0e1aa518-9931-4ce7-b560-b60b24796986','Normal','314e2bcc-30d5-477b-9789-7eef46ad80b4','2024-08-01 04:18:49','2024-08-01 04:18:49'),('Nour','e7587959-e5be-4759-a013-d41980173ef2','d6d6703a-e2fc-485f-aa28-bca021f3f769','Normal','322559a8-8821-43fc-9ebe-0f99bf3ed1a3','2024-08-01 04:18:50','2024-08-01 04:18:50'),('Khaled','a2f8a606-a89c-4818-854e-f2c1ccd0028b','4bae86c1-2f69-4469-9022-0c6a4cd6d9df','Normal','34f1d237-1a61-4a53-b866-3f547d1eba6b','2024-08-01 04:18:50','2024-08-01 04:18:50'),('Khaled','de977be7-8079-4de8-97c3-d015a58fffaf','4bae86c1-2f69-4469-9022-0c6a4cd6d9df','Normal','3553fce1-9240-4130-bedc-059830d90ca6','2024-08-01 04:18:50','2024-08-01 04:18:50'),('Nour','20eee48a-64ed-4b8a-a33b-97cbf16e71d7','d6d6703a-e2fc-485f-aa28-bca021f3f769','Normal','36424bf3-e49b-4b01-98f3-623a82c20e48','2024-08-01 04:18:48','2024-08-01 04:18:48'),('Ibrahem','758684a9-17ec-4008-94e1-79f7929c6026','7fea1c22-ef66-4ddc-b9b1-6f9df8418b21','Urgent','36a72225-4345-4ae8-8eae-b897ff6a6d89','2024-08-01 04:18:49','2024-08-01 04:18:49'),('Mahmoud','6df841f4-6057-4531-8fff-ff919d8b3453','1c963cef-490f-4aa6-914c-7b6a3ed65afd','Urgent','3bf785c1-1cad-4f59-843d-d13ddecfa82e','2024-08-01 04:18:49','2024-08-01 04:18:49'),('Ibrahem','c8cbd171-9eca-4d95-af63-5a3ccc788171','7fea1c22-ef66-4ddc-b9b1-6f9df8418b21','Urgent','3dbc52f6-6391-47f9-8dc2-2798defea2fb','2024-08-01 04:18:50','2024-08-01 04:18:50'),('Youssef','c9a1832f-b927-47e7-9dc3-aacba780dafc','9f2de63a-0eb3-493e-843f-5debb7a1494a','Immediate','3ddabafb-0047-4695-b086-5914d73df3e4','2024-08-01 04:18:50','2024-08-01 04:18:50'),('Mahmoud','70f64eb0-e0d2-46d1-af55-7b222770d889','1c963cef-490f-4aa6-914c-7b6a3ed65afd','Urgent','3ed93ced-b55a-47fb-ae38-913ea2c6bcdd','2024-08-01 04:18:49','2024-08-01 04:18:49'),('Yasser','c9a1832f-b927-47e7-9dc3-aacba780dafc','3f2ee63b-3175-4300-a928-ed0a025656f7','Immediate','3f8e101e-0041-4611-98e4-58c1b3e496f4','2024-08-01 00:16:13','2024-08-01 00:16:13'),('Tamer','32358fea-54e7-4743-87a0-1b6f5a755d99','e2de5021-c92a-4ed5-bdf6-7af5fa7b5da0','Urgent','403b9e8f-fc9e-4be5-8c0b-a500a47d8c71','2024-08-01 04:18:49','2024-08-01 04:18:49'),('Ibrahem','e7587959-e5be-4759-a013-d41980173ef2','7fea1c22-ef66-4ddc-b9b1-6f9df8418b21','Urgent','40571e53-9196-46de-9407-e1b1d9a84090','2024-08-01 04:18:50','2024-08-01 04:18:50'),('Said','20eee48a-64ed-4b8a-a33b-97cbf16e71d7','3f2ee63b-3175-4300-a928-ed0a025656f7','Immediate','408dd8aa-b37e-4141-87bb-85620419aa8b','2024-08-01 04:18:48','2024-08-01 04:18:48'),('Nour','89696203-f62a-4b28-9ae7-fc7d8e1f4eae','d6d6703a-e2fc-485f-aa28-bca021f3f769','Normal','4336b91f-45e3-496e-bbd9-6f2aea80e8ec','2024-08-01 04:18:49','2024-08-01 04:18:49'),('Nour','f7edf233-ef49-4c31-9878-cd2b43b802c9','d6d6703a-e2fc-485f-aa28-bca021f3f769','Normal','469d929e-2d37-475d-b14c-e2ef82df3625','2024-08-01 04:18:50','2024-08-01 04:18:50'),('Youssef','20eee48a-64ed-4b8a-a33b-97cbf16e71d7','9f2de63a-0eb3-493e-843f-5debb7a1494a','Immediate','48565061-6403-4daf-83ba-d1b8170e2219','2024-08-01 04:18:48','2024-08-01 04:18:48'),('Ahmed','9a7b3726-d109-4e94-aef5-d425a73e96fc','0e1aa518-9931-4ce7-b560-b60b24796986','Normal','489baca6-9aed-4d4a-a82d-af13c0197d1c','2024-08-01 04:18:49','2024-08-01 04:18:49'),('Mahmoud','e7587959-e5be-4759-a013-d41980173ef2','1c963cef-490f-4aa6-914c-7b6a3ed65afd','Urgent','4b27eeae-26cb-4f5f-a79e-04884162e4ba','2024-08-01 04:18:50','2024-08-01 04:18:50'),('Mahmoud','8afd3972-178f-4083-b1ba-2b57435c7317','1c963cef-490f-4aa6-914c-7b6a3ed65afd','Urgent','4ba276ce-788c-4a75-8079-007656b92415','2024-08-01 04:18:49','2024-08-01 04:18:49'),('Tamer','c9a1832f-b927-47e7-9dc3-aacba780dafc','e2de5021-c92a-4ed5-bdf6-7af5fa7b5da0','Urgent','4d3742c4-df26-4f5d-989b-b302e809fedb','2024-08-01 04:18:50','2024-08-01 04:18:50'),('Youssef','a2f8a606-a89c-4818-854e-f2c1ccd0028b','9f2de63a-0eb3-493e-843f-5debb7a1494a','Immediate','4de8f03c-4f6b-4e06-903f-b38437668aa9','2024-08-01 04:18:50','2024-08-01 04:18:50'),('Nour','70f64eb0-e0d2-46d1-af55-7b222770d889','d6d6703a-e2fc-485f-aa28-bca021f3f769','Normal','516771ae-356b-4ced-8206-7a7eb2716645','2024-08-01 04:18:49','2024-08-01 04:18:49'),('christian','a2f8a606-a89c-4818-854e-f2c1ccd0028b','e2de5021-c92a-4ed5-bdf6-7af5fa7b5da0','Normal','54807ec4-3ded-4120-a55c-cb8f49505b46','2024-08-01 00:16:13','2024-08-01 00:16:13'),('Said','758684a9-17ec-4008-94e1-79f7929c6026','3f2ee63b-3175-4300-a928-ed0a025656f7','Immediate','573530c3-cad5-4e7f-a71b-cc65ab9bf529','2024-08-01 04:18:49','2024-08-01 04:18:49'),('Mahmoud','dcb5a1c0-efa3-4349-8409-93ee9932cd28','1c963cef-490f-4aa6-914c-7b6a3ed65afd','Urgent','57c9728b-de5e-411d-ae11-ac4432064cdf','2024-08-01 04:18:50','2024-08-01 04:18:50'),('Youssef','32358fea-54e7-4743-87a0-1b6f5a755d99','9f2de63a-0eb3-493e-843f-5debb7a1494a','Immediate','59596928-3c04-401c-b791-647de45e2687','2024-08-01 04:18:49','2024-08-01 04:18:49'),('Tamer','4940545c-af45-464f-a571-21b93cf5e426','e2de5021-c92a-4ed5-bdf6-7af5fa7b5da0','Urgent','59b849d0-56fe-4237-b946-e507cbf268d1','2024-08-01 04:18:49','2024-08-01 04:18:49'),('Said','48f59bc3-0468-4dc0-ba9b-abca2c5238c0','3f2ee63b-3175-4300-a928-ed0a025656f7','Immediate','5a01315a-43e2-4f31-b2a1-c950e51ad5e7','2024-08-01 04:18:49','2024-08-01 04:18:49'),('Ibrahem','c9a1832f-b927-47e7-9dc3-aacba780dafc','7fea1c22-ef66-4ddc-b9b1-6f9df8418b21','Urgent','5a6b26a8-f217-4cf8-bc3f-aa7a59f7f7b5','2024-08-01 04:18:50','2024-08-01 04:18:50'),('Tamer','dcb5a1c0-efa3-4349-8409-93ee9932cd28','e2de5021-c92a-4ed5-bdf6-7af5fa7b5da0','Urgent','5be7ce7b-60df-496b-a55d-c56fdc73fc31','2024-08-01 04:18:50','2024-08-01 04:18:50'),('Tamer','f7edf233-ef49-4c31-9878-cd2b43b802c9','e2de5021-c92a-4ed5-bdf6-7af5fa7b5da0','Urgent','5c7c171b-0304-43d4-b613-0c533227a71a','2024-08-01 04:18:50','2024-08-01 04:18:50'),('Said','521d9187-63ec-435e-af26-7aae9475d991','3f2ee63b-3175-4300-a928-ed0a025656f7','Immediate','5dabb70a-1b2a-4f55-8fc4-8ee02d4b0014','2024-08-01 04:18:49','2024-08-01 04:18:49'),('Said','de977be7-8079-4de8-97c3-d015a58fffaf','3f2ee63b-3175-4300-a928-ed0a025656f7','Immediate','5f37e87f-2058-45d1-ab6a-b24b1f6634ff','2024-08-01 04:18:50','2024-08-01 04:18:50'),('Tamer','48f59bc3-0468-4dc0-ba9b-abca2c5238c0','e2de5021-c92a-4ed5-bdf6-7af5fa7b5da0','Urgent','5f501ee7-0af6-47de-973d-c3aace25a83f','2024-08-01 04:18:49','2024-08-01 04:18:49'),('Tamer','de977be7-8079-4de8-97c3-d015a58fffaf','e2de5021-c92a-4ed5-bdf6-7af5fa7b5da0','Urgent','5f80bc4d-c9b0-414a-82e0-af05e23bed42','2024-08-01 04:18:50','2024-08-01 04:18:50'),('Youssef','8afd3972-178f-4083-b1ba-2b57435c7317','9f2de63a-0eb3-493e-843f-5debb7a1494a','Immediate','60677508-77df-49a1-b23b-a391859f202c','2024-08-01 04:18:49','2024-08-01 04:18:49'),('Nour','8afd3972-178f-4083-b1ba-2b57435c7317','d6d6703a-e2fc-485f-aa28-bca021f3f769','Normal','616a0f7d-be21-418e-b4be-5d0e32013c50','2024-08-01 04:18:49','2024-08-01 04:18:49'),('Mahmoud','758684a9-17ec-4008-94e1-79f7929c6026','1c963cef-490f-4aa6-914c-7b6a3ed65afd','Urgent','6343ca67-668c-43a6-b8bd-366c1516c7a5','2024-08-01 04:18:49','2024-08-01 04:18:49'),('Ibrahem','6df841f4-6057-4531-8fff-ff919d8b3453','7fea1c22-ef66-4ddc-b9b1-6f9df8418b21','Urgent','643c8aff-f225-4c95-9b0c-596662e166c9','2024-08-01 04:18:49','2024-08-01 04:18:49'),('Nour','32358fea-54e7-4743-87a0-1b6f5a755d99','d6d6703a-e2fc-485f-aa28-bca021f3f769','Normal','65334804-2c86-4b51-abea-65cf77673256','2024-08-01 04:18:49','2024-08-01 04:18:49'),('Khaled','4940545c-af45-464f-a571-21b93cf5e426','4bae86c1-2f69-4469-9022-0c6a4cd6d9df','Normal','65f1f8a7-b421-41da-af5f-72b000d8b955','2024-08-01 04:18:49','2024-08-01 04:18:49'),('Ibrahem','32358fea-54e7-4743-87a0-1b6f5a755d99','7fea1c22-ef66-4ddc-b9b1-6f9df8418b21','Urgent','66355786-7563-470b-86cd-0cf3c39b2286','2024-08-01 04:18:49','2024-08-01 04:18:49'),('Nour','240e5078-e00e-4718-9c97-56e7b0d2fde2','d6d6703a-e2fc-485f-aa28-bca021f3f769','Normal','679face7-a4bd-45b9-b9a4-157dfe2e6afd','2024-08-01 04:18:49','2024-08-01 04:18:49'),('Said','f7edf233-ef49-4c31-9878-cd2b43b802c9','3f2ee63b-3175-4300-a928-ed0a025656f7','Immediate','685b49f7-614d-4451-a743-75165367a71f','2024-08-01 04:18:50','2024-08-01 04:18:50'),('Yasser','a2f8a606-a89c-4818-854e-f2c1ccd0028b','3f2ee63b-3175-4300-a928-ed0a025656f7','Normal','693136b2-1f31-4e13-99ac-06d50bee2dfb','2024-08-01 00:16:13','2024-08-01 00:16:13'),('Tamer','240e5078-e00e-4718-9c97-56e7b0d2fde2','e2de5021-c92a-4ed5-bdf6-7af5fa7b5da0','Urgent','6a248828-4ae1-4733-9804-2b23a2b7b678','2024-08-01 04:18:49','2024-08-01 04:18:49'),('Ahmed','48f59bc3-0468-4dc0-ba9b-abca2c5238c0','0e1aa518-9931-4ce7-b560-b60b24796986','Normal','6b290161-936a-49a5-a0d2-82293f1cd12e','2024-08-01 04:18:49','2024-08-01 04:18:49'),('Tony','a2f8a606-a89c-4818-854e-f2c1ccd0028b','7fea1c22-ef66-4ddc-b9b1-6f9df8418b21','Normal','6bfbaaf2-c7ab-43d5-9a03-3bc757dd035f','2024-08-01 00:16:13','2024-08-01 00:16:13'),('Youssef','8b6852e8-b0ff-44e2-a237-920475f70c6c','9f2de63a-0eb3-493e-843f-5debb7a1494a','Immediate','6c89c058-8ff2-4483-bc9c-7093befe3009','2024-08-01 04:18:49','2024-08-01 04:18:49'),('Tamer','a2f8a606-a89c-4818-854e-f2c1ccd0028b','e2de5021-c92a-4ed5-bdf6-7af5fa7b5da0','Urgent','6f40d2fb-b993-48e7-b4fa-a237dc49dbe6','2024-08-01 04:18:50','2024-08-01 04:18:50'),('Ibrahem','8afd3972-178f-4083-b1ba-2b57435c7317','7fea1c22-ef66-4ddc-b9b1-6f9df8418b21','Urgent','6f468cfc-4697-4c18-a066-c2ec7dfb4c84','2024-08-01 04:18:49','2024-08-01 04:18:49'),('Said','9a7b3726-d109-4e94-aef5-d425a73e96fc','3f2ee63b-3175-4300-a928-ed0a025656f7','Immediate','71cf0902-6f91-4c20-ab60-ba5a85f97103','2024-08-01 04:18:49','2024-08-01 04:18:49'),('Terry','c9a1832f-b927-47e7-9dc3-aacba780dafc','d6d6703a-e2fc-485f-aa28-bca021f3f769','Immediate','7316230c-4343-4486-8e90-c3dd71d63a02','2024-08-01 00:16:14','2024-08-01 00:16:14'),('Ibrahem','8b6852e8-b0ff-44e2-a237-920475f70c6c','7fea1c22-ef66-4ddc-b9b1-6f9df8418b21','Urgent','75332ae5-bc0a-4198-b2ec-6386bea954a1','2024-08-01 04:18:49','2024-08-01 04:18:49'),('Khaled','89696203-f62a-4b28-9ae7-fc7d8e1f4eae','4bae86c1-2f69-4469-9022-0c6a4cd6d9df','Normal','7965890c-232c-4ce7-b573-f660b19ca408','2024-08-01 04:18:49','2024-08-01 04:18:49'),('Said','240e5078-e00e-4718-9c97-56e7b0d2fde2','3f2ee63b-3175-4300-a928-ed0a025656f7','Immediate','7a1d9ec4-e5b0-481e-86ca-a0b1f5618639','2024-08-01 04:18:48','2024-08-01 04:18:48'),('Khaled','c8cbd171-9eca-4d95-af63-5a3ccc788171','4bae86c1-2f69-4469-9022-0c6a4cd6d9df','Normal','7cb766b4-1769-49c5-9333-70aa0d6e9e3f','2024-08-01 04:18:50','2024-08-01 04:18:50'),('Said','4940545c-af45-464f-a571-21b93cf5e426','3f2ee63b-3175-4300-a928-ed0a025656f7','Immediate','7f58ac4f-4fcb-40f8-9c84-73ed7117d6e7','2024-08-01 04:18:49','2024-08-01 04:18:49'),('Said','c8cbd171-9eca-4d95-af63-5a3ccc788171','3f2ee63b-3175-4300-a928-ed0a025656f7','Immediate','816e1d2a-66fe-4131-b076-529b0897bc5f','2024-08-01 04:18:50','2024-08-01 04:18:50'),('Nour','521d9187-63ec-435e-af26-7aae9475d991','d6d6703a-e2fc-485f-aa28-bca021f3f769','Normal','876ec076-29db-4d23-9470-dd60411bec4d','2024-08-01 04:18:49','2024-08-01 04:18:49'),('Ahmed','20eee48a-64ed-4b8a-a33b-97cbf16e71d7','0e1aa518-9931-4ce7-b560-b60b24796986','Normal','8a543fd9-8b65-4034-b842-3aa9b2e56ee7','2024-08-01 04:18:48','2024-08-01 04:18:48'),('Youssef','70f64eb0-e0d2-46d1-af55-7b222770d889','9f2de63a-0eb3-493e-843f-5debb7a1494a','Immediate','8b35bb28-a1e7-40c5-a141-9440ca595c0a','2024-08-01 04:18:49','2024-08-01 04:18:49'),('Ibrahem','48f59bc3-0468-4dc0-ba9b-abca2c5238c0','7fea1c22-ef66-4ddc-b9b1-6f9df8418b21','Urgent','8b8e10bd-6499-4f7f-b08e-9be9aad5b309','2024-08-01 04:18:49','2024-08-01 04:18:49'),('Ibrahem','240e5078-e00e-4718-9c97-56e7b0d2fde2','7fea1c22-ef66-4ddc-b9b1-6f9df8418b21','Urgent','8f0a9a2e-d534-4840-9e54-79263487e12e','2024-08-01 04:18:48','2024-08-01 04:18:48'),('Khaled','6df841f4-6057-4531-8fff-ff919d8b3453','4bae86c1-2f69-4469-9022-0c6a4cd6d9df','Normal','91394696-926c-4d9f-b9cb-2928fb7e753e','2024-08-01 04:18:49','2024-08-01 04:18:49'),('Tamer','89696203-f62a-4b28-9ae7-fc7d8e1f4eae','e2de5021-c92a-4ed5-bdf6-7af5fa7b5da0','Urgent','920e3a50-50c0-487f-b5bc-b4f34d33e519','2024-08-01 04:18:49','2024-08-01 04:18:49'),('Khaled','8afd3972-178f-4083-b1ba-2b57435c7317','4bae86c1-2f69-4469-9022-0c6a4cd6d9df','Normal','9238b0dc-8d22-4c77-8b78-8ebbff241ff0','2024-08-01 04:18:49','2024-08-01 04:18:49'),('christian','c9a1832f-b927-47e7-9dc3-aacba780dafc','e2de5021-c92a-4ed5-bdf6-7af5fa7b5da0','Immediate','943ff56c-f5a2-4496-85de-cfb40d0bfe43','2024-08-01 00:16:14','2024-08-01 00:16:14'),('Khaled','48f59bc3-0468-4dc0-ba9b-abca2c5238c0','4bae86c1-2f69-4469-9022-0c6a4cd6d9df','Normal','947f3f9b-286a-4cab-b1b6-96e96fcdb327','2024-08-01 04:18:49','2024-08-01 04:18:49'),('Nour','dcb5a1c0-efa3-4349-8409-93ee9932cd28','d6d6703a-e2fc-485f-aa28-bca021f3f769','Normal','96030ea5-55d1-4c7b-a240-ccebb3d9e854','2024-08-01 04:18:50','2024-08-01 04:18:50'),('Said','c9a1832f-b927-47e7-9dc3-aacba780dafc','3f2ee63b-3175-4300-a928-ed0a025656f7','Immediate','9697c539-fae2-429d-a643-e179b0d04cc3','2024-08-01 04:18:50','2024-08-01 04:18:50'),('Ahmed','4940545c-af45-464f-a571-21b93cf5e426','0e1aa518-9931-4ce7-b560-b60b24796986','Normal','9746cc47-911c-4689-a56a-463868ea10b6','2024-08-01 04:18:49','2024-08-01 04:18:49'),('Mahmoud','8b6852e8-b0ff-44e2-a237-920475f70c6c','1c963cef-490f-4aa6-914c-7b6a3ed65afd','Urgent','99eaec66-a829-4684-acbd-d497eac89d9d','2024-08-01 04:18:49','2024-08-01 04:18:49'),('Said','8b6852e8-b0ff-44e2-a237-920475f70c6c','3f2ee63b-3175-4300-a928-ed0a025656f7','Immediate','9b88d4e1-8929-4f1d-8947-e0738bb3b032','2024-08-01 04:18:49','2024-08-01 04:18:49'),('Mahmoud','f7edf233-ef49-4c31-9878-cd2b43b802c9','1c963cef-490f-4aa6-914c-7b6a3ed65afd','Urgent','9cbf2f26-9ec6-42ca-8237-57cc8e00bd8c','2024-08-01 04:18:50','2024-08-01 04:18:50'),('Mahmoud','f365e19f-8fe8-40bd-a962-ade796d1605a','1c963cef-490f-4aa6-914c-7b6a3ed65afd','Urgent','9d13d6c3-4d65-4d6c-9192-4ff2042f84ac','2024-08-01 04:18:50','2024-08-01 04:18:50'),('Ibrahem','f365e19f-8fe8-40bd-a962-ade796d1605a','7fea1c22-ef66-4ddc-b9b1-6f9df8418b21','Urgent','9d6ab69a-d728-44bd-82b3-5ac2df5a5c16','2024-08-01 04:18:50','2024-08-01 04:18:50'),('Said','f365e19f-8fe8-40bd-a962-ade796d1605a','3f2ee63b-3175-4300-a928-ed0a025656f7','Immediate','9d862c00-19da-4944-853d-c3b389006d6e','2024-08-01 04:18:50','2024-08-01 04:18:50'),('Said','32358fea-54e7-4743-87a0-1b6f5a755d99','3f2ee63b-3175-4300-a928-ed0a025656f7','Immediate','a0e49cb0-dba2-4fbd-8557-076d4943dfd9','2024-08-01 04:18:49','2024-08-01 04:18:49'),('Said','70f64eb0-e0d2-46d1-af55-7b222770d889','3f2ee63b-3175-4300-a928-ed0a025656f7','Immediate','a2836031-b58e-42f2-a49c-ca9a80be9435','2024-08-01 04:18:49','2024-08-01 04:18:49'),('Well','a2f8a606-a89c-4818-854e-f2c1ccd0028b','1c963cef-490f-4aa6-914c-7b6a3ed65afd','Normal','a386587a-5fd5-4faf-96c5-faebcf8b5d62','2024-08-01 00:16:14','2024-08-01 00:16:14'),('Said','8afd3972-178f-4083-b1ba-2b57435c7317','3f2ee63b-3175-4300-a928-ed0a025656f7','Immediate','a61489b2-809f-4d6d-a309-b9bab7eb2527','2024-08-01 04:18:49','2024-08-01 04:18:49'),('Said','6df841f4-6057-4531-8fff-ff919d8b3453','3f2ee63b-3175-4300-a928-ed0a025656f7','Immediate','a68614d9-24f5-4e8d-b5e4-5a1aad5d972c','2024-08-01 04:18:49','2024-08-01 04:18:49'),('Ahmed','32358fea-54e7-4743-87a0-1b6f5a755d99','0e1aa518-9931-4ce7-b560-b60b24796986','Normal','a777cfcd-50d7-4554-a60f-5489ea71b50c','2024-08-01 04:18:49','2024-08-01 04:18:49'),('Mahmoud','c9a1832f-b927-47e7-9dc3-aacba780dafc','1c963cef-490f-4aa6-914c-7b6a3ed65afd','Urgent','aa41a0d7-b997-4403-a607-a9b85cb3583b','2024-08-01 04:18:50','2024-08-01 04:18:50'),('Tamer','e7587959-e5be-4759-a013-d41980173ef2','e2de5021-c92a-4ed5-bdf6-7af5fa7b5da0','Urgent','aa908c1f-d4f8-4516-a354-4d93f74daccf','2024-08-01 04:18:50','2024-08-01 04:18:50'),('Said','e7587959-e5be-4759-a013-d41980173ef2','3f2ee63b-3175-4300-a928-ed0a025656f7','Immediate','abdbd6a6-08c7-4114-bcd0-aa1d28819f10','2024-08-01 04:18:50','2024-08-01 04:18:50'),('Youssef','4940545c-af45-464f-a571-21b93cf5e426','9f2de63a-0eb3-493e-843f-5debb7a1494a','Immediate','ad7b5700-3384-487b-9796-afd8f5bb9224','2024-08-01 04:18:49','2024-08-01 04:18:49'),('John','c9a1832f-b927-47e7-9dc3-aacba780dafc','0e1aa518-9931-4ce7-b560-b60b24796986','Immediate','adcd6101-c0dc-4c02-aa2e-3abc9ab70fa0','2024-08-01 00:16:13','2024-08-01 00:16:13'),('Nour','13a0ced2-aa02-4c9d-a5b4-00277f8a65e7','d6d6703a-e2fc-485f-aa28-bca021f3f769','Normal','b01dc931-134e-4980-8e3c-d070b756a590','2024-08-01 04:18:48','2024-08-01 04:18:48'),('Mahmoud','48f59bc3-0468-4dc0-ba9b-abca2c5238c0','1c963cef-490f-4aa6-914c-7b6a3ed65afd','Urgent','b29eb34d-b260-4dd5-b195-419a09e51ece','2024-08-01 04:18:49','2024-08-01 04:18:49'),('Ibrahem','f7edf233-ef49-4c31-9878-cd2b43b802c9','7fea1c22-ef66-4ddc-b9b1-6f9df8418b21','Urgent','b33c1ee6-47f4-4fa2-82bb-f42b9ad9154b','2024-08-01 04:18:50','2024-08-01 04:18:50'),('Nour','4940545c-af45-464f-a571-21b93cf5e426','d6d6703a-e2fc-485f-aa28-bca021f3f769','Normal','b34ee9e7-5acf-4671-bb0f-2b2447be5f22','2024-08-01 04:18:49','2024-08-01 04:18:49'),('Tamer','8afd3972-178f-4083-b1ba-2b57435c7317','e2de5021-c92a-4ed5-bdf6-7af5fa7b5da0','Urgent','b4289123-c7fd-46ce-bde5-78244fe48682','2024-08-01 04:18:49','2024-08-01 04:18:49'),('John','a2f8a606-a89c-4818-854e-f2c1ccd0028b','0e1aa518-9931-4ce7-b560-b60b24796986','Normal','b4ddfa38-176e-40d3-aab9-0050a56ec75e','2024-08-01 00:16:13','2024-08-01 00:16:13'),('Said','a2f8a606-a89c-4818-854e-f2c1ccd0028b','3f2ee63b-3175-4300-a928-ed0a025656f7','Immediate','b6a130d0-4b8b-44c4-92f2-0aa408018bd1','2024-08-01 04:18:50','2024-08-01 04:18:50'),('Ibrahem','9a7b3726-d109-4e94-aef5-d425a73e96fc','7fea1c22-ef66-4ddc-b9b1-6f9df8418b21','Urgent','b76215b5-ed5b-42e2-9ad2-c8aab8bbfeb0','2024-08-01 04:18:50','2024-08-01 04:18:50'),('Tony','c9a1832f-b927-47e7-9dc3-aacba780dafc','7fea1c22-ef66-4ddc-b9b1-6f9df8418b21','Immediate','b914c106-975a-437b-ab1d-1eca4a3819a5','2024-08-01 00:16:13','2024-08-01 00:16:13'),('Ibrahem','13a0ced2-aa02-4c9d-a5b4-00277f8a65e7','7fea1c22-ef66-4ddc-b9b1-6f9df8418b21','Urgent','b934450c-ad45-4b44-b1db-65ee75c2a4c6','2024-08-01 04:18:48','2024-08-01 04:18:48'),('Nour','758684a9-17ec-4008-94e1-79f7929c6026','d6d6703a-e2fc-485f-aa28-bca021f3f769','Normal','b95dab59-a2f7-4f1b-ae08-1b3b25cb370b','2024-08-01 04:18:49','2024-08-01 04:18:49'),('Ahmed','f7edf233-ef49-4c31-9878-cd2b43b802c9','0e1aa518-9931-4ce7-b560-b60b24796986','Normal','b96eeee5-300d-445b-835e-c21d0055ee3a','2024-08-01 04:18:50','2024-08-01 04:18:50'),('Youssef','f7edf233-ef49-4c31-9878-cd2b43b802c9','9f2de63a-0eb3-493e-843f-5debb7a1494a','Immediate','b9c8aca4-0cdb-44c6-af93-f9ff16749cdb','2024-08-01 04:18:50','2024-08-01 04:18:50'),('Ibrahem','89696203-f62a-4b28-9ae7-fc7d8e1f4eae','7fea1c22-ef66-4ddc-b9b1-6f9df8418b21','Urgent','bac89cff-29c0-4ca4-8d51-4adea328d4e1','2024-08-01 04:18:49','2024-08-01 04:18:49'),('Ibrahem','dcb5a1c0-efa3-4349-8409-93ee9932cd28','7fea1c22-ef66-4ddc-b9b1-6f9df8418b21','Urgent','bcef1a31-f30d-4991-86c8-4b18332fb20b','2024-08-01 04:18:50','2024-08-01 04:18:50'),('Tamer','20eee48a-64ed-4b8a-a33b-97cbf16e71d7','e2de5021-c92a-4ed5-bdf6-7af5fa7b5da0','Urgent','c088dcfe-2f56-470f-9f69-08a5877fcf90','2024-08-01 04:18:48','2024-08-01 04:18:48'),('Ahmed','a2f8a606-a89c-4818-854e-f2c1ccd0028b','0e1aa518-9931-4ce7-b560-b60b24796986','Normal','c79a8b35-df30-4f31-9d05-4ca3159cebc2','2024-08-01 04:18:50','2024-08-01 04:18:50'),('Ahmed','f365e19f-8fe8-40bd-a962-ade796d1605a','0e1aa518-9931-4ce7-b560-b60b24796986','Normal','cb13b6e7-b3e3-49c0-8442-06afd7c8ca2d','2024-08-01 04:18:50','2024-08-01 04:18:50'),('Khaled','240e5078-e00e-4718-9c97-56e7b0d2fde2','4bae86c1-2f69-4469-9022-0c6a4cd6d9df','Normal','cd33558f-cf08-486b-b8bb-cc7b044429ab','2024-08-01 04:18:48','2024-08-01 04:18:48'),('Youssef','240e5078-e00e-4718-9c97-56e7b0d2fde2','9f2de63a-0eb3-493e-843f-5debb7a1494a','Immediate','cd36d1ed-0aaa-4265-b39d-f322ab9bded1','2024-08-01 04:18:48','2024-08-01 04:18:48'),('Ahmed','de977be7-8079-4de8-97c3-d015a58fffaf','0e1aa518-9931-4ce7-b560-b60b24796986','Normal','cdb5b537-f99f-4fc4-b1a7-6f37d20edd7b','2024-08-01 04:18:50','2024-08-01 04:18:50'),('Nour','f365e19f-8fe8-40bd-a962-ade796d1605a','d6d6703a-e2fc-485f-aa28-bca021f3f769','Normal','ceead517-b775-4b91-a54e-edb728b85754','2024-08-01 04:18:50','2024-08-01 04:18:50'),('Ahmed','240e5078-e00e-4718-9c97-56e7b0d2fde2','0e1aa518-9931-4ce7-b560-b60b24796986','Normal','d102d664-8cce-4d3d-a94e-dcef2123bdaf','2024-08-01 04:18:48','2024-08-01 04:18:48'),('Smith','a2f8a606-a89c-4818-854e-f2c1ccd0028b','9f2de63a-0eb3-493e-843f-5debb7a1494a','Normal','d1bbb590-0fb2-454e-ab3d-bc88b666bb96','2024-08-01 00:16:14','2024-08-01 00:16:14'),('Youssef','48f59bc3-0468-4dc0-ba9b-abca2c5238c0','9f2de63a-0eb3-493e-843f-5debb7a1494a','Immediate','d21ac365-570f-4337-9753-89d90bba09ec','2024-08-01 04:18:49','2024-08-01 04:18:49'),('Youssef','13a0ced2-aa02-4c9d-a5b4-00277f8a65e7','9f2de63a-0eb3-493e-843f-5debb7a1494a','Immediate','d2a619d0-19c6-40de-be43-bdd1d59cb136','2024-08-01 04:18:48','2024-08-01 04:18:48'),('Ahmed','13a0ced2-aa02-4c9d-a5b4-00277f8a65e7','0e1aa518-9931-4ce7-b560-b60b24796986','Normal','d4b52bf8-155e-4f6b-a254-d0d943180ade','2024-08-01 04:18:48','2024-08-01 04:18:48'),('Youssef','758684a9-17ec-4008-94e1-79f7929c6026','9f2de63a-0eb3-493e-843f-5debb7a1494a','Immediate','d557a479-1339-4b06-ab8f-64c085108e9c','2024-08-01 04:18:49','2024-08-01 04:18:49'),('Tamer','9a7b3726-d109-4e94-aef5-d425a73e96fc','e2de5021-c92a-4ed5-bdf6-7af5fa7b5da0','Urgent','d5dca536-9aa4-478e-9e33-8a80ab0d57eb','2024-08-01 04:18:50','2024-08-01 04:18:50'),('Ibrahem','a2f8a606-a89c-4818-854e-f2c1ccd0028b','7fea1c22-ef66-4ddc-b9b1-6f9df8418b21','Urgent','d61d1f83-5e9c-4e8e-9446-8d4ab635c075','2024-08-01 04:18:50','2024-08-01 04:18:50'),('Youssef','c9a1832f-b927-47e7-9dc3-aacba780dafc','4bae86c1-2f69-4469-9022-0c6a4cd6d9df','Immediate','d6fbb63f-b554-48bb-94f7-7a999f2e2ebd','2024-08-01 00:16:13','2024-08-01 00:16:13'),('Tamer','c8cbd171-9eca-4d95-af63-5a3ccc788171','e2de5021-c92a-4ed5-bdf6-7af5fa7b5da0','Urgent','d71436e5-6617-4e6f-900b-79e6b5ef1933','2024-08-01 04:18:50','2024-08-01 04:18:50'),('Mahmoud','32358fea-54e7-4743-87a0-1b6f5a755d99','1c963cef-490f-4aa6-914c-7b6a3ed65afd','Urgent','d87d5c01-479c-4566-9310-ae42963e51d2','2024-08-01 04:18:49','2024-08-01 04:18:49'),('Youssef','e7587959-e5be-4759-a013-d41980173ef2','9f2de63a-0eb3-493e-843f-5debb7a1494a','Immediate','da0b08ba-b2cb-426b-beae-69b3b780cd14','2024-08-01 04:18:50','2024-08-01 04:18:50'),('Youssef','de977be7-8079-4de8-97c3-d015a58fffaf','9f2de63a-0eb3-493e-843f-5debb7a1494a','Immediate','da314b3b-2253-42bd-a408-8ada55743cc5','2024-08-01 04:18:50','2024-08-01 04:18:50'),('Ahmed','6df841f4-6057-4531-8fff-ff919d8b3453','0e1aa518-9931-4ce7-b560-b60b24796986','Normal','dc4691e5-7f15-48ea-8982-c78ee523031d','2024-08-01 04:18:49','2024-08-01 04:18:49'),('Khaled','20eee48a-64ed-4b8a-a33b-97cbf16e71d7','4bae86c1-2f69-4469-9022-0c6a4cd6d9df','Normal','dd5f483a-15ba-48a9-9a48-aa8363128262','2024-08-01 04:18:48','2024-08-01 04:18:48'),('Khaled','dcb5a1c0-efa3-4349-8409-93ee9932cd28','4bae86c1-2f69-4469-9022-0c6a4cd6d9df','Normal','dde158b6-3a80-4ab4-9354-584b0f6f0428','2024-08-01 04:18:50','2024-08-01 04:18:50'),('Youssef','c8cbd171-9eca-4d95-af63-5a3ccc788171','9f2de63a-0eb3-493e-843f-5debb7a1494a','Immediate','dfab0803-a96e-41d8-890e-8df852513713','2024-08-01 04:18:50','2024-08-01 04:18:50'),('Khaled','f7edf233-ef49-4c31-9878-cd2b43b802c9','4bae86c1-2f69-4469-9022-0c6a4cd6d9df','Normal','dfbd4aaa-109c-4ced-9de5-f7ffa3fb7201','2024-08-01 04:18:50','2024-08-01 04:18:50'),('Mahmoud','13a0ced2-aa02-4c9d-a5b4-00277f8a65e7','1c963cef-490f-4aa6-914c-7b6a3ed65afd','Urgent','e05288ef-0a1d-49b1-a1ca-01bf7326689d','2024-08-01 04:18:48','2024-08-01 04:18:48'),('Youssef','89696203-f62a-4b28-9ae7-fc7d8e1f4eae','9f2de63a-0eb3-493e-843f-5debb7a1494a','Immediate','e112136b-9452-4e57-a96d-768e6b9a7921','2024-08-01 04:18:49','2024-08-01 04:18:49'),('Said','89696203-f62a-4b28-9ae7-fc7d8e1f4eae','3f2ee63b-3175-4300-a928-ed0a025656f7','Immediate','e13d6ef7-ae07-47b5-9a9f-652988cbf593','2024-08-01 04:18:49','2024-08-01 04:18:49'),('Nour','8b6852e8-b0ff-44e2-a237-920475f70c6c','d6d6703a-e2fc-485f-aa28-bca021f3f769','Normal','e3e8e363-fbe7-41b5-b4e4-06fd030f88bb','2024-08-01 04:18:49','2024-08-01 04:18:49'),('Khaled','70f64eb0-e0d2-46d1-af55-7b222770d889','4bae86c1-2f69-4469-9022-0c6a4cd6d9df','Normal','e406fbd7-8fae-49ca-baea-9340ec7a952f','2024-08-01 04:18:49','2024-08-01 04:18:49'),('Mahmoud','20eee48a-64ed-4b8a-a33b-97cbf16e71d7','1c963cef-490f-4aa6-914c-7b6a3ed65afd','Urgent','e53b3b64-77a4-411d-8722-1e8221b1545d','2024-08-01 04:18:48','2024-08-01 04:18:48'),('Ahmed','521d9187-63ec-435e-af26-7aae9475d991','0e1aa518-9931-4ce7-b560-b60b24796986','Normal','e5edfa7e-5a5d-4e27-88e7-464c82c9a80a','2024-08-01 04:18:49','2024-08-01 04:18:49'),('Youssef','521d9187-63ec-435e-af26-7aae9475d991','9f2de63a-0eb3-493e-843f-5debb7a1494a','Immediate','e9df0d23-1faa-427d-8d09-c0eb95c81dd3','2024-08-01 04:18:49','2024-08-01 04:18:49'),('Khaled','e7587959-e5be-4759-a013-d41980173ef2','4bae86c1-2f69-4469-9022-0c6a4cd6d9df','Normal','ea9a5f0f-9fd6-4c99-b2f7-aac5353c47c3','2024-08-01 04:18:50','2024-08-01 04:18:50'),('Mahmoud','4940545c-af45-464f-a571-21b93cf5e426','1c963cef-490f-4aa6-914c-7b6a3ed65afd','Urgent','eecbd5a3-b7d1-4a57-b133-ee4b0c3fc3ef','2024-08-01 04:18:49','2024-08-01 04:18:49'),('Tamer','13a0ced2-aa02-4c9d-a5b4-00277f8a65e7','e2de5021-c92a-4ed5-bdf6-7af5fa7b5da0','Urgent','f17c1571-2592-47f2-a484-d7c0cde7e481','2024-08-01 04:18:48','2024-08-01 04:18:48'),('Tamer','6df841f4-6057-4531-8fff-ff919d8b3453','e2de5021-c92a-4ed5-bdf6-7af5fa7b5da0','Urgent','f21ccfa3-a6bf-44e3-bbac-986b9fb7e1a9','2024-08-01 04:18:49','2024-08-01 04:18:49'),('Ibrahem','521d9187-63ec-435e-af26-7aae9475d991','7fea1c22-ef66-4ddc-b9b1-6f9df8418b21','Urgent','f4afba11-6d8c-4734-b38d-e0afa4c9a486','2024-08-01 04:18:49','2024-08-01 04:18:49'),('Ibrahem','20eee48a-64ed-4b8a-a33b-97cbf16e71d7','7fea1c22-ef66-4ddc-b9b1-6f9df8418b21','Urgent','f62d2ef9-f892-47b1-9c59-e45757c487cd','2024-08-01 04:18:48','2024-08-01 04:18:48'),('Ahmed','e7587959-e5be-4759-a013-d41980173ef2','0e1aa518-9931-4ce7-b560-b60b24796986','Normal','f63ffb9d-fa21-4ba3-a996-affbf57efd9f','2024-08-01 04:18:50','2024-08-01 04:18:50'),('Nour','9a7b3726-d109-4e94-aef5-d425a73e96fc','d6d6703a-e2fc-485f-aa28-bca021f3f769','Normal','f705cc73-fa34-4f94-a185-23819df73f43','2024-08-01 04:18:50','2024-08-01 04:18:50'),('Ahmed','c9a1832f-b927-47e7-9dc3-aacba780dafc','0e1aa518-9931-4ce7-b560-b60b24796986','Normal','f774c64f-4c52-4fbe-8963-22e6a761d31a','2024-08-01 04:18:50','2024-08-01 04:18:50'),('Said','dcb5a1c0-efa3-4349-8409-93ee9932cd28','3f2ee63b-3175-4300-a928-ed0a025656f7','Immediate','f7ba35d4-a628-4c41-afd3-0af42e54e94d','2024-08-01 04:18:50','2024-08-01 04:18:50'),('Ahmed','dcb5a1c0-efa3-4349-8409-93ee9932cd28','0e1aa518-9931-4ce7-b560-b60b24796986','Normal','f81bba5a-8afa-449e-80eb-2c77359ed503','2024-08-01 04:18:50','2024-08-01 04:18:50'),('Youssef','6df841f4-6057-4531-8fff-ff919d8b3453','9f2de63a-0eb3-493e-843f-5debb7a1494a','Immediate','fdfa742e-020d-4440-b3c5-1165359cd1e8','2024-08-01 04:18:49','2024-08-01 04:18:49');
/*!40000 ALTER TABLE `patients` ENABLE KEYS */;
UNLOCK TABLES;

--
-- Table structure for table `requests`
--

DROP TABLE IF EXISTS `requests`;
/*!40101 SET @saved_cs_client     = @@character_set_client */;
/*!50503 SET character_set_client = utf8mb4 */;
CREATE TABLE `requests` (
  `quantity_required` int NOT NULL,
  `hospital_id` varchar(60) NOT NULL,
  `blood_group_id` varchar(60) NOT NULL,
  `patient_status` varchar(60) NOT NULL,
  `fulfilment_status` varchar(60) DEFAULT NULL,
  `request_date` datetime DEFAULT NULL,
  `id` varchar(60) NOT NULL,
  `created_at` datetime NOT NULL,
  `updated_at` datetime NOT NULL,
  PRIMARY KEY (`id`),
  KEY `hospital_id` (`hospital_id`),
  KEY `blood_group_id` (`blood_group_id`),
  CONSTRAINT `requests_ibfk_1` FOREIGN KEY (`hospital_id`) REFERENCES `hospitals` (`id`),
  CONSTRAINT `requests_ibfk_2` FOREIGN KEY (`blood_group_id`) REFERENCES `blood_groups` (`id`)
) ENGINE=InnoDB DEFAULT CHARSET=utf8mb4 COLLATE=utf8mb4_0900_ai_ci;
/*!40101 SET character_set_client = @saved_cs_client */;

--
-- Dumping data for table `requests`
--

LOCK TABLES `requests` WRITE;
/*!40000 ALTER TABLE `requests` DISABLE KEYS */;
/*!40000 ALTER TABLE `requests` ENABLE KEYS */;
UNLOCK TABLES;
/*!40103 SET TIME_ZONE=@OLD_TIME_ZONE */;

/*!40101 SET SQL_MODE=@OLD_SQL_MODE */;
/*!40014 SET FOREIGN_KEY_CHECKS=@OLD_FOREIGN_KEY_CHECKS */;
/*!40014 SET UNIQUE_CHECKS=@OLD_UNIQUE_CHECKS */;
/*!40101 SET CHARACTER_SET_CLIENT=@OLD_CHARACTER_SET_CLIENT */;
/*!40101 SET CHARACTER_SET_RESULTS=@OLD_CHARACTER_SET_RESULTS */;
/*!40101 SET COLLATION_CONNECTION=@OLD_COLLATION_CONNECTION */;
/*!40111 SET SQL_NOTES=@OLD_SQL_NOTES */;

-- Dump completed on 2024-08-01  7:20:18
